{"properties":{"connectionReferences":{"shared_commondataserviceforapps":{"runtimeSource":"embedded","connection":{"connectionReferenceLogicalName":"proj_sharedcommondataserviceforapps_3e397"},"api":{"name":"shared_commondataserviceforapps"}}},"definition":{"$schema":"https://schema.management.azure.com/providers/Microsoft.Logic/schemas/2016-06-01/workflowdefinition.json#","contentVersion":"1.0.0.0","parameters":{"$connections":{"defaultValue":{},"type":"Object"},"$authentication":{"defaultValue":{},"type":"SecureObject"}},"triggers":{"When_a_record_is_created,_updated_or_deleted":{"type":"OpenApiConnectionWebhook","inputs":{"host":{"connectionName":"shared_commondataserviceforapps","operationId":"SubscribeWebhookTrigger","apiId":"/providers/Microsoft.PowerApps/apis/shared_commondataserviceforapps"},"parameters":{"subscriptionRequest/message":4,"subscriptionRequest/entityname":"msdyn_projectrequest","subscriptionRequest/scope":4,"subscriptionRequest/filteringattributes":"proj_requeststate"},"authentication":"@parameters('$authentication')"}}},"actions":{"Condition":{"actions":{"Create_a_new_record":{"runAfter":{},"type":"OpenApiConnection","inputs":{"host":{"connectionName":"shared_commondataserviceforapps","operationId":"CreateRecord","apiId":"/providers/Microsoft.PowerApps/apis/shared_commondataserviceforapps"},"parameters":{"entityName":"msdyn_projects","item/msdyn_calendarid":"1","item/msdyn_ContractOrganizationalUnitId@odata.bind":"@triggerOutputs()?['body/_proj_contractingunit_value']","item/msdyn_subject":"@triggerOutputs()?['body/msdyn_name']","item/msdyn_projectmanager@odata.bind":"/systemusers/@{triggerOutputs()?['body/_ownerid_value']}","item/msdyn_workhourtemplate@odata.bind":"@triggerOutputs()?['body/_proj_workhourtemplate_value']","item/proj_benefits":"@triggerOutputs()?['body/msdyn_benefit']","item/proj_budget":"@triggerOutputs()?['body/msdyn_budget']","item/msdyn_businesscase":"@triggerOutputs()?['body/msdyn_businesscase']","item/msdyn_description":"@triggerOutputs()?['body/msdyn_details']","item/proj_efforthealth":189330000,"item/proj_ExecutiveSponsor@odata.bind":"@if(empty(triggerOutputs()?['body/_proj_executivesponsor_value']),'',concat('/systemusers/',triggerOutputs()?['body/_proj_executivesponsor_value']))","item/proj_financialhealth":189330000,"item/proj_fundingavailable":"@triggerOutputs()?['body/proj_fundingavailable']","item/proj_fundingsource":"@triggerOutputs()?['body/proj_fundingsource']","item/proj_improveemployeeretention":"@triggerOutputs()?['body/proj_improveemployeeretention']","item/proj_issuehealth":189330000,"item/proj_lowercost":"@triggerOutputs()?['body/proj_lowercost']","item/proj_overallhealth":189330000,"item/ownerid@odata.bind":"/systemusers/@{triggerOutputs()?['body/_ownerid_value']}","item/proj_priority":"@triggerOutputs()?['body/proj_priority']","item/proj_projecttype":"@triggerOutputs()?['body/proj_projecttype']","item/proj_risk":"@triggerOutputs()?['body/proj_risk']","item/proj_schedulehealth":189330000,"item/proj_stage":189330000,"item/proj_state":189330001,"item/proj_strategicalignment":"@triggerOutputs()?['body/proj_strategicalignment']"},"authentication":"@parameters('$authentication')"}},"Update_a_record":{"runAfter":{"Create_a_new_record":["Succeeded"]},"type":"OpenApiConnection","inputs":{"host":{"connectionName":"shared_commondataserviceforapps","operationId":"UpdateRecord","apiId":"/providers/Microsoft.PowerApps/apis/shared_commondataserviceforapps"},"parameters":{"entityName":"msdyn_projectrequests","recordId":"@triggerOutputs()?['body/msdyn_projectrequestid']","item/msdyn_Project@odata.bind":"/msdyn_projects/@{outputs('Create_a_new_record')?['body/msdyn_projectid']}","item/proj_projectcreatedflag":true},"authentication":"@parameters('$authentication')"}}},"runAfter":{},"else":{"actions":{"Terminate":{"runAfter":{},"type":"Terminate","inputs":{"runStatus":"Cancelled"}}}},"expression":{"and":[{"equals":["@triggerOutputs()?['body/proj_requeststate']",189330002]},{"not":{"equals":["@triggerOutputs()?['body/proj_projectcreatedflag']",true]}}]},"type":"If"}},"outputs":{}}},"schemaVersion":"1.0.0.0"}