{"name":"d0031601-9bd6-4af2-b0ec-360dc82804e6","id":"/providers/Microsoft.Flow/flows/d0031601-9bd6-4af2-b0ec-360dc82804e6","type":"Microsoft.Flow/flows","properties":{"apiId":"/providers/Microsoft.PowerApps/apis/shared_logicflows","displayName":"Notify team members of their late tasks","definition":{"metadata":{"workflowEntityId":null,"creator":{"id":"211b13e3-4289-4bfc-a42b-fc903d84fc9c","type":"User","tenantId":"ee51c033-a7ec-44a0-af67-bbac529403c8"},"provisioningMethod":"FromDefinition","failureAlertSubscription":true,"clientLastModifiedTime":"2019-12-06T00:51:16.0239719Z"},"$schema":"https://schema.management.azure.com/providers/Microsoft.Logic/schemas/2016-06-01/workflowdefinition.json#","contentVersion":"1.0.0.0","parameters":{"$connections":{"defaultValue":{},"type":"Object"},"$authentication":{"defaultValue":{},"type":"SecureObject"}},"triggers":{"Recurrence":{"recurrence":{"frequency":"Week","interval":1,"startTime":"2019-11-04T04:30:00.000Z","schedule":{"weekDays":["Monday"]}},"type":"Recurrence"}},"actions":{"List_records":{"runAfter":{"Initialize_variable":["Succeeded"]},"metadata":{"flowSystemMetadata":{"swaggerOperationId":"GetItems_V2"}},"type":"ApiConnection","inputs":{"host":{"connection":{"name":"@parameters('$connections')['shared_commondataservice']['connectionId']"},"api":{"runtimeUrl":"https://india-001.azure-apim.net/apim/commondataservice"}},"method":"get","path":"/v2/datasets/@{encodeURIComponent(encodeURIComponent('org778ef35a.crm8'))}/tables/@{encodeURIComponent(encodeURIComponent('msdyn_projecttasks'))}/items","queries":{"$filter":"statuscode eq 1 and msdyn_progress lt 1 and msdyn_scheduledend le @{variables('Now')}","$expand":"msdyn_project($select=msdyn_subject)"},"authentication":"@parameters('$authentication')"}},"Apply_to_each":{"foreach":"@body('List_records')?['value']","actions":{"Parse_Current_Task":{"runAfter":{},"type":"ParseJson","inputs":{"content":"@items('Apply_to_each')","schema":{"type":"object","properties":{"msdyn_project":{"type":"string"}}}}},"Parse_Project_Name":{"runAfter":{"Parse_Current_Task":["Succeeded"]},"type":"ParseJson","inputs":{"content":"@body('Parse_Current_Task')?['msdyn_project']","schema":{"type":"object","properties":{"msdyn_subject":{"type":"string"},"msdyn_projectid":{"type":"string"}}}}},"Get_Resource_Assignments":{"runAfter":{"Parse_Project_Name":["Succeeded"]},"metadata":{"flowSystemMetadata":{"swaggerOperationId":"GetItems_V2"}},"type":"ApiConnection","inputs":{"host":{"connection":{"name":"@parameters('$connections')['shared_commondataservice']['connectionId']"},"api":{"runtimeUrl":"https://india-001.azure-apim.net/apim/commondataservice"}},"method":"get","path":"/v2/datasets/@{encodeURIComponent(encodeURIComponent('default.cds'))}/tables/@{encodeURIComponent(encodeURIComponent('msdyn_resourceassignments'))}/items","queries":{"$filter":"_msdyn_taskid_value eq @{items('Apply_to_each')?['msdyn_projecttaskid']}"},"authentication":"@parameters('$authentication')"}},"Apply_for_each_resource_assignment":{"foreach":"@body('Get_Resource_Assignments')?['value']","actions":{"Get_Bookable_Resource":{"runAfter":{},"metadata":{"flowSystemMetadata":{"swaggerOperationId":"GetItem_V2"}},"type":"ApiConnection","inputs":{"host":{"connection":{"name":"@parameters('$connections')['shared_commondataservice']['connectionId']"},"api":{"runtimeUrl":"https://india-001.azure-apim.net/apim/commondataservice"}},"method":"get","path":"/v2/datasets/@{encodeURIComponent(encodeURIComponent('default.cds'))}/tables/@{encodeURIComponent(encodeURIComponent('bookableresources'))}/items/@{encodeURIComponent(encodeURIComponent(items('Apply_for_each_resource_assignment')?['_msdyn_bookableresourceid_value']))}","authentication":"@parameters('$authentication')"}},"Post_your_own_adaptive_card_as_the_Flow_bot_to_a_user":{"runAfter":{"Get_System_User":["Succeeded"]},"metadata":{"flowSystemMetadata":{"swaggerOperationId":"PostUserAdaptiveCard"}},"type":"ApiConnection","inputs":{"host":{"connection":{"name":"@parameters('$connections')['shared_teams']['connectionId']"},"api":{"runtimeUrl":"https://india-001.azure-apim.net/apim/teams"}},"method":"post","body":{"recipient":{"to":"@{body('Get_System_User')?['internalemailaddress']};","isAlert":true},"messageBody":"{\n    \"$schema\": \"http://adaptivecards.io/schemas/adaptive-card.json\",\n    \"type\": \"AdaptiveCard\",\n    \"version\": \"1.0\",\n    \"body\": [\n        {\n            \"type\": \"TextBlock\",\n            \"text\": \"@{items('Apply_to_each')?['msdyn_subject']} is due\",\n            \"weight\": \"Bolder\",\n            \"size\": \"Medium\"\n        },\n        {\n            \"type\": \"FactSet\",\n            \"facts\": [\n                {\n                    \"title\": \"Project:\",\n                    \"value\": \"@{body('Parse_Project_Name')?['msdyn_subject']}\"\n                },\n                {\n                    \"title\": \"Assigned to:\",\n                    \"value\": \"@{body('Get_System_User')?['fullname']}\"\n                },\n                {\n                    \"title\": \"Due date:\",\n                    \"value\": \"@{items('Apply_to_each')?['msdyn_finish']}\"\n                }\n            ]\n        }\n    ],\n    \"selectAction\": {\n        \"type\": \"Action.OpenUrl\",\n        \"url\": \"https://project.microsoft.com/en-US/#/taskgrid?projectId=@{body('Parse_Project_Name')?['msdyn_projectid']}\"\n    },\n    \"actions\": [\n        {\n            \"type\": \"Action.OpenUrl\",\n            \"title\": \"Open Project\",\n            \"url\": \"https://project.microsoft.com/en-US/#/taskgrid?projectId=@{body('Parse_Project_Name')?['msdyn_projectid']}\",\n            \"style\": \"positive\"\n        }\n    ]\n}"},"path":"/flowbot/actions/adaptivecard/recipienttypes/user","authentication":"@parameters('$authentication')"}},"Get_System_User":{"runAfter":{"Get_Bookable_Resource":["Succeeded"]},"metadata":{"flowSystemMetadata":{"swaggerOperationId":"GetItem_V2"}},"type":"ApiConnection","inputs":{"host":{"connection":{"name":"@parameters('$connections')['shared_commondataservice']['connectionId']"},"api":{"runtimeUrl":"https://india-001.azure-apim.net/apim/commondataservice"}},"method":"get","path":"/v2/datasets/@{encodeURIComponent(encodeURIComponent('default.cds'))}/tables/@{encodeURIComponent(encodeURIComponent('systemusers'))}/items/@{encodeURIComponent(encodeURIComponent(body('Get_Bookable_Resource')?['_userid_value']))}","authentication":"@parameters('$authentication')"}}},"runAfter":{"Get_Resource_Assignments":["Succeeded"]},"type":"Foreach"}},"runAfter":{"List_records":["Succeeded"]},"type":"Foreach"},"Initialize_variable":{"runAfter":{},"type":"InitializeVariable","inputs":{"variables":[{"name":"Now","type":"String","value":"@{formatDateTime(utcNow(),'yyyy-MM-dd')}"}]}}}},"connectionReferences":{"shared_commondataservice":{"connectionName":"b109badfa2f14485a65196034cb1cc1d","source":"Embedded","id":"/providers/Microsoft.PowerApps/apis/shared_commondataservice","tier":"NotSpecified"},"shared_teams":{"connectionName":"shared-teams-8f9a1289-b2dc-42e2-a12a-17c6ac83099e","source":"Embedded","id":"/providers/Microsoft.PowerApps/apis/shared_teams","tier":"NotSpecified"}},"flowFailureAlertSubscribed":false}}