<ImportExportXml version="9.1.0.8226" SolutionPackageVersion="9.1" languagecode="1033" generatedBy="CrmLive" xmlns:xsi="http://www.w3.org/2001/XMLSchema-instance">
  <SolutionManifest>
    <UniqueName>Issues</UniqueName>
    <LocalizedNames>
      <LocalizedName description="Issues" languagecode="1033" />
    </LocalizedNames>
    <Descriptions />
    <Version>0.0.0.2</Version>
    <Managed>0</Managed>
    <Publisher>
      <UniqueName>Cr01761</UniqueName>
      <LocalizedNames>
        <LocalizedName description="CDS Default Publisher" languagecode="1033" />
      </LocalizedNames>
      <Descriptions />
      <EMailAddress xsi:nil="true"></EMailAddress>
      <SupportingWebsiteUrl xsi:nil="true"></SupportingWebsiteUrl>
      <CustomizationPrefix>cr491</CustomizationPrefix>
      <CustomizationOptionValuePrefix>41229</CustomizationOptionValuePrefix>
      <Addresses>
        <Address>
          <AddressNumber>1</AddressNumber>
          <AddressTypeCode xsi:nil="true"></AddressTypeCode>
          <City xsi:nil="true"></City>
          <County xsi:nil="true"></County>
          <Country xsi:nil="true"></Country>
          <Fax xsi:nil="true"></Fax>
          <FreightTermsCode xsi:nil="true"></FreightTermsCode>
          <ImportSequenceNumber xsi:nil="true"></ImportSequenceNumber>
          <Latitude xsi:nil="true"></Latitude>
          <Line1 xsi:nil="true"></Line1>
          <Line2 xsi:nil="true"></Line2>
          <Line3 xsi:nil="true"></Line3>
          <Longitude xsi:nil="true"></Longitude>
          <Name xsi:nil="true"></Name>
          <PostalCode xsi:nil="true"></PostalCode>
          <PostOfficeBox xsi:nil="true"></PostOfficeBox>
          <PrimaryContactName xsi:nil="true"></PrimaryContactName>
          <ShippingMethodCode xsi:nil="true"></ShippingMethodCode>
          <StateOrProvince xsi:nil="true"></StateOrProvince>
          <Telephone1 xsi:nil="true"></Telephone1>
          <Telephone2 xsi:nil="true"></Telephone2>
          <Telephone3 xsi:nil="true"></Telephone3>
          <TimeZoneRuleVersionNumber xsi:nil="true"></TimeZoneRuleVersionNumber>
          <UPSZone xsi:nil="true"></UPSZone>
          <UTCOffset xsi:nil="true"></UTCOffset>
          <UTCConversionTimeZoneCode xsi:nil="true"></UTCConversionTimeZoneCode>
        </Address>
        <Address>
          <AddressNumber>2</AddressNumber>
          <AddressTypeCode xsi:nil="true"></AddressTypeCode>
          <City xsi:nil="true"></City>
          <County xsi:nil="true"></County>
          <Country xsi:nil="true"></Country>
          <Fax xsi:nil="true"></Fax>
          <FreightTermsCode xsi:nil="true"></FreightTermsCode>
          <ImportSequenceNumber xsi:nil="true"></ImportSequenceNumber>
          <Latitude xsi:nil="true"></Latitude>
          <Line1 xsi:nil="true"></Line1>
          <Line2 xsi:nil="true"></Line2>
          <Line3 xsi:nil="true"></Line3>
          <Longitude xsi:nil="true"></Longitude>
          <Name xsi:nil="true"></Name>
          <PostalCode xsi:nil="true"></PostalCode>
          <PostOfficeBox xsi:nil="true"></PostOfficeBox>
          <PrimaryContactName xsi:nil="true"></PrimaryContactName>
          <ShippingMethodCode xsi:nil="true"></ShippingMethodCode>
          <StateOrProvince xsi:nil="true"></StateOrProvince>
          <Telephone1 xsi:nil="true"></Telephone1>
          <Telephone2 xsi:nil="true"></Telephone2>
          <Telephone3 xsi:nil="true"></Telephone3>
          <TimeZoneRuleVersionNumber xsi:nil="true"></TimeZoneRuleVersionNumber>
          <UPSZone xsi:nil="true"></UPSZone>
          <UTCOffset xsi:nil="true"></UTCOffset>
          <UTCConversionTimeZoneCode xsi:nil="true"></UTCConversionTimeZoneCode>
        </Address>
      </Addresses>
    </Publisher>
    <RootComponents>
      <RootComponent type="1" schemaName="cr491_issues" behavior="0" />
      <RootComponent type="1" schemaName="msdyn_project" behavior="0" />
      <RootComponent type="1" schemaName="msdyn_projecttask" behavior="0" />
      <RootComponent type="1" schemaName="systemuser" behavior="0" />
    </RootComponents>
    <MissingDependencies>
      <MissingDependency>
        <Required key="0" type="1" schemaName="msdyn_projecttask" displayName="Project Task" solution="ProjectServiceCore (1.0.0.97)" />
        <Dependent key="0" type="1" schemaName="msdyn_projecttask" displayName="Project Task" />
      </MissingDependency>
      <MissingDependency>
        <Required key="1" type="1" schemaName="msdyn_project" displayName="Project" solution="ProjectServiceCore (1.0.0.97)" />
        <Dependent key="1" type="1" schemaName="msdyn_project" displayName="Project" />
      </MissingDependency>
      <MissingDependency>
        <Required key="1" type="1" schemaName="msdyn_project" displayName="Project" solution="ProjectServiceCore (1.0.0.97)" />
        <Dependent key="2" type="2" schemaName="ownerid" displayName="Owner" parentSchemaName="msdyn_project" parentDisplayName="Project" />
      </MissingDependency>
      <MissingDependency>
        <Required key="1" type="1" schemaName="msdyn_project" displayName="Project" solution="ProjectServiceCore (1.0.0.97)" />
        <Dependent key="3" type="2" schemaName="modifiedonbehalfby" displayName="Modified By (Delegate)" parentSchemaName="msdyn_project" parentDisplayName="Project" />
      </MissingDependency>
      <MissingDependency>
        <Required key="0" type="1" schemaName="msdyn_projecttask" displayName="Project Task" solution="ProjectServiceCore (1.0.0.97)" />
        <Dependent key="4" type="2" schemaName="createdbyyominame" parentSchemaName="msdyn_projecttask" parentDisplayName="Project Task" />
      </MissingDependency>
      <MissingDependency>
        <Required key="1" type="1" schemaName="msdyn_project" displayName="Project" solution="ProjectServiceCore (1.0.0.97)" />
        <Dependent key="5" type="2" schemaName="msdyn_disablecreateofteammemberformanagername" parentSchemaName="msdyn_project" parentDisplayName="Project" />
      </MissingDependency>
      <MissingDependency>
        <Required key="0" type="1" schemaName="msdyn_projecttask" displayName="Project Task" solution="ProjectServiceCore (1.0.0.97)" />
        <Dependent key="6" type="2" schemaName="ownerid" displayName="Owner" parentSchemaName="msdyn_projecttask" parentDisplayName="Project Task" />
      </MissingDependency>
      <MissingDependency>
        <Required key="1" type="1" schemaName="msdyn_project" displayName="Project" solution="ProjectServiceCore (1.0.0.97)" />
        <Dependent key="7" type="2" schemaName="statuscodename" parentSchemaName="msdyn_project" parentDisplayName="Project" />
      </MissingDependency>
      <MissingDependency>
        <Required key="1" type="1" schemaName="msdyn_project" displayName="Project" solution="ProjectServiceCore (1.0.0.97)" />
        <Dependent key="8" type="2" schemaName="versionnumber" displayName="Version Number" parentSchemaName="msdyn_project" parentDisplayName="Project" />
      </MissingDependency>
      <MissingDependency>
        <Required key="0" type="1" schemaName="msdyn_projecttask" displayName="Project Task" solution="ProjectServiceCore (1.0.0.97)" />
        <Dependent key="9" type="2" schemaName="versionnumber" displayName="Version Number" parentSchemaName="msdyn_projecttask" parentDisplayName="Project Task" />
      </MissingDependency>
      <MissingDependency>
        <Required key="1" type="1" schemaName="msdyn_project" displayName="Project" solution="ProjectServiceCore (1.0.0.97)" />
        <Dependent key="10" type="2" schemaName="traversedpath" displayName="Traversed Path" parentSchemaName="msdyn_project" parentDisplayName="Project" />
      </MissingDependency>
      <MissingDependency>
        <Required key="0" type="1" schemaName="msdyn_projecttask" displayName="Project Task" solution="ProjectServiceCore (1.0.0.97)" />
        <Dependent key="11" type="2" schemaName="traversedpath" displayName="Traversed Path" parentSchemaName="msdyn_projecttask" parentDisplayName="Project Task" />
      </MissingDependency>
      <MissingDependency>
        <Required key="0" type="1" schemaName="msdyn_projecttask" displayName="Project Task" solution="ProjectServiceCore (1.0.0.97)" />
        <Dependent key="12" type="2" schemaName="modifiedonbehalfbyname" parentSchemaName="msdyn_projecttask" parentDisplayName="Project Task" />
      </MissingDependency>
      <MissingDependency>
        <Required key="0" type="1" schemaName="msdyn_projecttask" displayName="Project Task" solution="ProjectServiceCore (1.0.0.97)" />
        <Dependent key="13" type="2" schemaName="msdyn_projectbucketname" parentSchemaName="msdyn_projecttask" parentDisplayName="Project Task" />
      </MissingDependency>
      <MissingDependency>
        <Required key="0" type="1" schemaName="msdyn_projecttask" displayName="Project Task" solution="ProjectServiceCore (1.0.0.97)" />
        <Dependent key="14" type="2" schemaName="modifiedonbehalfby" displayName="Modified By (Delegate)" parentSchemaName="msdyn_projecttask" parentDisplayName="Project Task" />
      </MissingDependency>
      <MissingDependency>
        <Required key="1" type="1" schemaName="msdyn_project" displayName="Project" solution="ProjectServiceCore (1.0.0.97)" />
        <Dependent key="15" type="2" schemaName="owningbusinessunit" displayName="Owning Business Unit" parentSchemaName="msdyn_project" parentDisplayName="Project" />
      </MissingDependency>
      <MissingDependency>
        <Required key="0" type="1" schemaName="msdyn_projecttask" displayName="Project Task" solution="ProjectServiceCore (1.0.0.97)" />
        <Dependent key="16" type="2" schemaName="owninguser" displayName="Owning User" parentSchemaName="msdyn_projecttask" parentDisplayName="Project Task" />
      </MissingDependency>
      <MissingDependency>
        <Required key="0" type="1" schemaName="msdyn_projecttask" displayName="Project Task" solution="ProjectServiceCore (1.0.0.97)" />
        <Dependent key="17" type="2" schemaName="processid" displayName="Process Id" parentSchemaName="msdyn_projecttask" parentDisplayName="Project Task" />
      </MissingDependency>
      <MissingDependency>
        <Required key="0" type="1" schemaName="msdyn_projecttask" displayName="Project Task" solution="ProjectServiceCore (1.0.0.97)" />
        <Dependent key="18" type="2" schemaName="createdby" displayName="Created By" parentSchemaName="msdyn_projecttask" parentDisplayName="Project Task" />
      </MissingDependency>
      <MissingDependency>
        <Required key="0" type="1" schemaName="msdyn_projecttask" displayName="Project Task" solution="ProjectServiceCore (1.0.0.97)" />
        <Dependent key="19" type="2" schemaName="owneridyominame" parentSchemaName="msdyn_projecttask" parentDisplayName="Project Task" />
      </MissingDependency>
      <MissingDependency>
        <Required key="1" type="1" schemaName="msdyn_project" displayName="Project" solution="ProjectServiceCore (1.0.0.97)" />
        <Dependent key="20" type="2" schemaName="modifiedbyyominame" parentSchemaName="msdyn_project" parentDisplayName="Project" />
      </MissingDependency>
      <MissingDependency>
        <Required key="1" type="1" schemaName="msdyn_project" displayName="Project" solution="ProjectServiceCore (1.0.0.97)" />
        <Dependent key="21" type="2" schemaName="modifiedonbehalfbyname" parentSchemaName="msdyn_project" parentDisplayName="Project" />
      </MissingDependency>
      <MissingDependency>
        <Required key="1" type="1" schemaName="msdyn_project" displayName="Project" solution="ProjectServiceCore (1.0.0.97)" />
        <Dependent key="22" type="2" schemaName="msdyn_workhourtemplatename" parentSchemaName="msdyn_project" parentDisplayName="Project" />
      </MissingDependency>
      <MissingDependency>
        <Required key="0" type="1" schemaName="msdyn_projecttask" displayName="Project Task" solution="ProjectServiceCore (1.0.0.97)" />
        <Dependent key="23" type="2" schemaName="modifiedby" displayName="Modified By" parentSchemaName="msdyn_projecttask" parentDisplayName="Project Task" />
      </MissingDependency>
      <MissingDependency>
        <Required key="0" type="1" schemaName="msdyn_projecttask" displayName="Project Task" solution="ProjectServiceCore (1.0.0.97)" />
        <Dependent key="24" type="2" schemaName="createdbyname" parentSchemaName="msdyn_projecttask" parentDisplayName="Project Task" />
      </MissingDependency>
      <MissingDependency>
        <Required key="1" type="1" schemaName="msdyn_project" displayName="Project" solution="ProjectServiceCore (1.0.0.97)" />
        <Dependent key="25" type="2" schemaName="msdyn_msprojectdocumentname" parentSchemaName="msdyn_project" parentDisplayName="Project" />
      </MissingDependency>
      <MissingDependency>
        <Required key="1" type="1" schemaName="msdyn_project" displayName="Project" solution="ProjectServiceCore (1.0.0.97)" />
        <Dependent key="26" type="2" schemaName="msdyn_projectmanageryominame" parentSchemaName="msdyn_project" parentDisplayName="Project" />
      </MissingDependency>
      <MissingDependency>
        <Required key="0" type="1" schemaName="msdyn_projecttask" displayName="Project Task" solution="ProjectServiceCore (1.0.0.97)" />
        <Dependent key="27" type="2" schemaName="createdonbehalfby" displayName="Created By (Delegate)" parentSchemaName="msdyn_projecttask" parentDisplayName="Project Task" />
      </MissingDependency>
      <MissingDependency>
        <Required key="1" type="1" schemaName="msdyn_project" displayName="Project" solution="ProjectServiceCore (1.0.0.97)" />
        <Dependent key="28" type="2" schemaName="statecodename" parentSchemaName="msdyn_project" parentDisplayName="Project" />
      </MissingDependency>
      <MissingDependency>
        <Required key="0" type="1" schemaName="msdyn_projecttask" displayName="Project Task" solution="ProjectServiceCore (1.0.0.97)" />
        <Dependent key="29" type="2" schemaName="msdyn_projectname" parentSchemaName="msdyn_projecttask" parentDisplayName="Project Task" />
      </MissingDependency>
      <MissingDependency>
        <Required key="1" type="1" schemaName="msdyn_project" displayName="Project" solution="ProjectServiceCore (1.0.0.97)" />
        <Dependent key="30" type="2" schemaName="msdyn_contractorganizationalunitidname" parentSchemaName="msdyn_project" parentDisplayName="Project" />
      </MissingDependency>
      <MissingDependency>
        <Required key="0" type="1" schemaName="msdyn_projecttask" displayName="Project Task" solution="ProjectServiceCore (1.0.0.97)" />
        <Dependent key="31" type="2" schemaName="msdyn_resourceorganizationalunitidname" parentSchemaName="msdyn_projecttask" parentDisplayName="Project Task" />
      </MissingDependency>
      <MissingDependency>
        <Required key="1" type="1" schemaName="msdyn_project" displayName="Project" solution="ProjectServiceCore (1.0.0.97)" />
        <Dependent key="32" type="2" schemaName="stageid" displayName="Stage Id" parentSchemaName="msdyn_project" parentDisplayName="Project" />
      </MissingDependency>
      <MissingDependency>
        <Required key="0" type="1" schemaName="msdyn_projecttask" displayName="Project Task" solution="ProjectServiceCore (1.0.0.97)" />
        <Dependent key="33" type="2" schemaName="owneridname" parentSchemaName="msdyn_projecttask" parentDisplayName="Project Task" />
      </MissingDependency>
      <MissingDependency>
        <Required key="1" type="1" schemaName="msdyn_project" displayName="Project" solution="ProjectServiceCore (1.0.0.97)" />
        <Dependent key="34" type="2" schemaName="modifiedonbehalfbyyominame" parentSchemaName="msdyn_project" parentDisplayName="Project" />
      </MissingDependency>
      <MissingDependency>
        <Required key="1" type="1" schemaName="msdyn_project" displayName="Project" solution="ProjectServiceCore (1.0.0.97)" />
        <Dependent key="35" type="2" schemaName="owningteam" displayName="Owning Team" parentSchemaName="msdyn_project" parentDisplayName="Project" />
      </MissingDependency>
      <MissingDependency>
        <Required key="0" type="1" schemaName="msdyn_projecttask" displayName="Project Task" solution="ProjectServiceCore (1.0.0.97)" />
        <Dependent key="36" type="2" schemaName="modifiedbyname" parentSchemaName="msdyn_projecttask" parentDisplayName="Project Task" />
      </MissingDependency>
      <MissingDependency>
        <Required key="1" type="1" schemaName="msdyn_project" displayName="Project" solution="ProjectServiceCore (1.0.0.97)" />
        <Dependent key="37" type="2" schemaName="processid" displayName="Process Id" parentSchemaName="msdyn_project" parentDisplayName="Project" />
      </MissingDependency>
      <MissingDependency>
        <Required key="0" type="1" schemaName="msdyn_projecttask" displayName="Project Task" solution="ProjectServiceCore (1.0.0.97)" />
        <Dependent key="38" type="2" schemaName="modifiedbyyominame" parentSchemaName="msdyn_projecttask" parentDisplayName="Project Task" />
      </MissingDependency>
      <MissingDependency>
        <Required key="0" type="1" schemaName="msdyn_projecttask" displayName="Project Task" solution="ProjectServiceCore (1.0.0.97)" />
        <Dependent key="39" type="2" schemaName="owningteam" displayName="Owning Team" parentSchemaName="msdyn_projecttask" parentDisplayName="Project Task" />
      </MissingDependency>
      <MissingDependency>
        <Required key="1" type="1" schemaName="msdyn_project" displayName="Project" solution="ProjectServiceCore (1.0.0.97)" />
        <Dependent key="40" type="2" schemaName="owneridname" parentSchemaName="msdyn_project" parentDisplayName="Project" />
      </MissingDependency>
      <MissingDependency>
        <Required key="1" type="1" schemaName="msdyn_project" displayName="Project" solution="ProjectServiceCore (1.0.0.97)" />
        <Dependent key="41" type="2" schemaName="owneridtype" parentSchemaName="msdyn_project" parentDisplayName="Project" />
      </MissingDependency>
      <MissingDependency>
        <Required key="1" type="1" schemaName="msdyn_project" displayName="Project" solution="ProjectServiceCore (1.0.0.97)" />
        <Dependent key="42" type="2" schemaName="modifiedby" displayName="Modified By" parentSchemaName="msdyn_project" parentDisplayName="Project" />
      </MissingDependency>
      <MissingDependency>
        <Required key="0" type="1" schemaName="msdyn_projecttask" displayName="Project Task" solution="ProjectServiceCore (1.0.0.97)" />
        <Dependent key="43" type="2" schemaName="msdyn_iscriticalname" parentSchemaName="msdyn_projecttask" parentDisplayName="Project Task" />
      </MissingDependency>
      <MissingDependency>
        <Required key="0" type="1" schemaName="msdyn_projecttask" displayName="Project Task" solution="ProjectServiceCore (1.0.0.97)" />
        <Dependent key="44" type="2" schemaName="modifiedonbehalfbyyominame" parentSchemaName="msdyn_projecttask" parentDisplayName="Project Task" />
      </MissingDependency>
      <MissingDependency>
        <Required key="1" type="1" schemaName="msdyn_project" displayName="Project" solution="ProjectServiceCore (1.0.0.97)" />
        <Dependent key="45" type="2" schemaName="createdbyyominame" parentSchemaName="msdyn_project" parentDisplayName="Project" />
      </MissingDependency>
      <MissingDependency>
        <Required key="0" type="1" schemaName="msdyn_projecttask" displayName="Project Task" solution="ProjectServiceCore (1.0.0.97)" />
        <Dependent key="46" type="2" schemaName="createdonbehalfbyname" parentSchemaName="msdyn_projecttask" parentDisplayName="Project Task" />
      </MissingDependency>
      <MissingDependency>
        <Required key="0" type="1" schemaName="msdyn_projecttask" displayName="Project Task" solution="ProjectServiceCore (1.0.0.97)" />
        <Dependent key="47" type="2" schemaName="msdyn_ismilestonename" parentSchemaName="msdyn_projecttask" parentDisplayName="Project Task" />
      </MissingDependency>
      <MissingDependency>
        <Required key="0" type="1" schemaName="msdyn_projecttask" displayName="Project Task" solution="ProjectServiceCore (1.0.0.97)" />
        <Dependent key="48" type="2" schemaName="msdyn_ismanualname" parentSchemaName="msdyn_projecttask" parentDisplayName="Project Task" />
      </MissingDependency>
      <MissingDependency>
        <Required key="0" type="1" schemaName="msdyn_projecttask" displayName="Project Task" solution="ProjectServiceCore (1.0.0.97)" />
        <Dependent key="49" type="2" schemaName="msdyn_resourcecategoryname" parentSchemaName="msdyn_projecttask" parentDisplayName="Project Task" />
      </MissingDependency>
      <MissingDependency>
        <Required key="1" type="1" schemaName="msdyn_project" displayName="Project" solution="ProjectServiceCore (1.0.0.97)" />
        <Dependent key="50" type="2" schemaName="msdyn_projectmanagername" parentSchemaName="msdyn_project" parentDisplayName="Project" />
      </MissingDependency>
      <MissingDependency>
        <Required key="1" type="1" schemaName="msdyn_project" displayName="Project" solution="ProjectServiceCore (1.0.0.97)" />
        <Dependent key="51" type="2" schemaName="createdonbehalfbyname" parentSchemaName="msdyn_project" parentDisplayName="Project" />
      </MissingDependency>
      <MissingDependency>
        <Required key="0" type="1" schemaName="msdyn_projecttask" displayName="Project Task" solution="ProjectServiceCore (1.0.0.97)" />
        <Dependent key="52" type="2" schemaName="msdyn_parenttaskname" parentSchemaName="msdyn_projecttask" parentDisplayName="Project Task" />
      </MissingDependency>
      <MissingDependency>
        <Required key="0" type="1" schemaName="msdyn_projecttask" displayName="Project Task" solution="ProjectServiceCore (1.0.0.97)" />
        <Dependent key="53" type="2" schemaName="msdyn_summaryname" parentSchemaName="msdyn_projecttask" parentDisplayName="Project Task" />
      </MissingDependency>
      <MissingDependency>
        <Required key="0" type="1" schemaName="msdyn_projecttask" displayName="Project Task" solution="ProjectServiceCore (1.0.0.97)" />
        <Dependent key="54" type="2" schemaName="statecodename" parentSchemaName="msdyn_projecttask" parentDisplayName="Project Task" />
      </MissingDependency>
      <MissingDependency>
        <Required key="0" type="1" schemaName="msdyn_projecttask" displayName="Project Task" solution="ProjectServiceCore (1.0.0.97)" />
        <Dependent key="55" type="2" schemaName="owneridtype" parentSchemaName="msdyn_projecttask" parentDisplayName="Project Task" />
      </MissingDependency>
      <MissingDependency>
        <Required key="0" type="1" schemaName="msdyn_projecttask" displayName="Project Task" solution="ProjectServiceCore (1.0.0.97)" />
        <Dependent key="56" type="2" schemaName="statuscodename" parentSchemaName="msdyn_projecttask" parentDisplayName="Project Task" />
      </MissingDependency>
      <MissingDependency>
        <Required key="1" type="1" schemaName="msdyn_project" displayName="Project" solution="ProjectServiceCore (1.0.0.97)" />
        <Dependent key="57" type="2" schemaName="owninguser" displayName="Owning User" parentSchemaName="msdyn_project" parentDisplayName="Project" />
      </MissingDependency>
      <MissingDependency>
        <Required key="0" type="1" schemaName="msdyn_projecttask" displayName="Project Task" solution="ProjectServiceCore (1.0.0.97)" />
        <Dependent key="58" type="2" schemaName="owneriddsc" parentSchemaName="msdyn_projecttask" parentDisplayName="Project Task" />
      </MissingDependency>
      <MissingDependency>
        <Required key="1" type="1" schemaName="msdyn_project" displayName="Project" solution="ProjectServiceCore (1.0.0.97)" />
        <Dependent key="59" type="2" schemaName="createdonbehalfbyyominame" parentSchemaName="msdyn_project" parentDisplayName="Project" />
      </MissingDependency>
      <MissingDependency>
        <Required key="1" type="1" schemaName="msdyn_project" displayName="Project" solution="ProjectServiceCore (1.0.0.97)" />
        <Dependent key="60" type="2" schemaName="createdby" displayName="Created By" parentSchemaName="msdyn_project" parentDisplayName="Project" />
      </MissingDependency>
      <MissingDependency>
        <Required key="1" type="1" schemaName="msdyn_project" displayName="Project" solution="ProjectServiceCore (1.0.0.97)" />
        <Dependent key="61" type="2" schemaName="createdonbehalfby" displayName="Created By (Delegate)" parentSchemaName="msdyn_project" parentDisplayName="Project" />
      </MissingDependency>
      <MissingDependency>
        <Required key="0" type="1" schemaName="msdyn_projecttask" displayName="Project Task" solution="ProjectServiceCore (1.0.0.97)" />
        <Dependent key="62" type="2" schemaName="createdonbehalfbyyominame" parentSchemaName="msdyn_projecttask" parentDisplayName="Project Task" />
      </MissingDependency>
      <MissingDependency>
        <Required key="1" type="1" schemaName="msdyn_project" displayName="Project" solution="ProjectServiceCore (1.0.0.97)" />
        <Dependent key="63" type="2" schemaName="owneridyominame" parentSchemaName="msdyn_project" parentDisplayName="Project" />
      </MissingDependency>
      <MissingDependency>
        <Required key="0" type="1" schemaName="msdyn_projecttask" displayName="Project Task" solution="ProjectServiceCore (1.0.0.97)" />
        <Dependent key="64" type="2" schemaName="owningbusinessunit" displayName="Owning Business Unit" parentSchemaName="msdyn_projecttask" parentDisplayName="Project Task" />
      </MissingDependency>
      <MissingDependency>
        <Required key="1" type="1" schemaName="msdyn_project" displayName="Project" solution="ProjectServiceCore (1.0.0.97)" />
        <Dependent key="65" type="2" schemaName="modifiedbyname" parentSchemaName="msdyn_project" parentDisplayName="Project" />
      </MissingDependency>
      <MissingDependency>
        <Required key="1" type="1" schemaName="msdyn_project" displayName="Project" solution="ProjectServiceCore (1.0.0.97)" />
        <Dependent key="66" type="2" schemaName="createdbyname" parentSchemaName="msdyn_project" parentDisplayName="Project" />
      </MissingDependency>
      <MissingDependency>
        <Required key="1" type="1" schemaName="msdyn_project" displayName="Project" solution="ProjectServiceCore (1.0.0.97)" />
        <Dependent key="67" type="2" schemaName="msdyn_bulkgenerationstatusname" parentSchemaName="msdyn_project" parentDisplayName="Project" />
      </MissingDependency>
      <MissingDependency>
        <Required key="0" type="1" schemaName="msdyn_projecttask" displayName="Project Task" solution="ProjectServiceCore (1.0.0.97)" />
        <Dependent key="68" type="2" schemaName="stageid" displayName="Process Stage" parentSchemaName="msdyn_projecttask" parentDisplayName="Project Task" />
      </MissingDependency>
      <MissingDependency>
        <Required key="1" type="1" schemaName="msdyn_project" displayName="Project" solution="ProjectServiceCore (1.0.0.97)" />
        <Dependent key="69" type="2" schemaName="owneriddsc" parentSchemaName="msdyn_project" parentDisplayName="Project" />
      </MissingDependency>
      <MissingDependency>
        <Required key="0" type="1" schemaName="msdyn_projecttask" displayName="Project Task" solution="ProjectServiceCore (1.0.0.97)" />
        <Dependent key="70" type="10" schemaName="msdyn_msdyn_projecttask_msdyn_projecttask_parenttask" displayName="msdyn_msdyn_projecttask_msdyn_projecttask_parenttask" parentSchemaName="msdyn_projecttask" parentDisplayName="Project Task" />
      </MissingDependency>
      <MissingDependency>
        <Required key="0" type="1" schemaName="msdyn_projecttask" displayName="Project Task" solution="ProjectServiceCore (1.0.0.97)" />
        <Dependent key="71" type="10" schemaName="msdyn_msdyn_project_msdyn_projecttask_project" displayName="msdyn_msdyn_project_msdyn_projecttask_project" parentSchemaName="msdyn_project" parentDisplayName="Project" />
      </MissingDependency>
      <MissingDependency>
        <Required key="0" type="1" schemaName="msdyn_projecttask" displayName="Project Task" solution="ProjectServiceCore (1.0.0.97)" />
        <Dependent key="72" type="10" schemaName="msdyn_organizationalunit_projecttask" displayName="msdyn_organizationalunit_projecttask" parentSchemaName="msdyn_organizationalunit" parentDisplayName="Organizational Unit" />
      </MissingDependency>
      <MissingDependency>
        <Required key="0" type="1" schemaName="msdyn_projecttask" displayName="Project Task" solution="ProjectServiceCore (1.0.0.97)" />
        <Dependent key="73" type="10" schemaName="msdyn_bookableresourcecategory_msdyn_projecttask_resourcecategory" displayName="msdyn_bookableresourcecategory_msdyn_projecttask_resourcecategory" parentSchemaName="bookableresourcecategory" parentDisplayName="Bookable Resource Category" />
      </MissingDependency>
      <MissingDependency>
        <Required key="0" type="1" schemaName="msdyn_projecttask" displayName="Project Task" solution="ProjectServiceCore (1.0.0.97)" />
        <Dependent key="74" type="10" schemaName="msdyn_msdyn_projectbucket_msdyn_projecttask_bucket_id" displayName="msdyn_msdyn_projectbucket_msdyn_projecttask_bucket_id" parentSchemaName="msdyn_projectbucket" parentDisplayName="Project Bucket" />
      </MissingDependency>
      <MissingDependency>
        <Required key="0" type="1" schemaName="msdyn_projecttask" displayName="Project Task" solution="ProjectServiceCore (1.0.0.97)" />
        <Dependent key="75" type="10" schemaName="cr491_Issues_msdyn_projecttask_msdyn_proj" displayName="cr491_Issues_msdyn_projecttask_msdyn_proj" parentSchemaName="msdyn_projecttask" parentDisplayName="Project Task" />
      </MissingDependency>
      <MissingDependency>
        <Required key="1" type="1" schemaName="msdyn_project" displayName="Project" solution="ProjectServiceCore (1.0.0.97)" />
        <Dependent key="76" type="10" schemaName="msdyn_organizationalunit_project" displayName="msdyn_organizationalunit_project" parentSchemaName="msdyn_organizationalunit" parentDisplayName="Organizational Unit" />
      </MissingDependency>
      <MissingDependency>
        <Required key="1" type="1" schemaName="msdyn_project" displayName="Project" solution="ProjectServiceCore (1.0.0.97)" />
        <Dependent key="77" type="10" schemaName="msdyn_msdyn_documentheader_msdyn_project_MSProjectDocument" displayName="msdyn_msdyn_documentheader_msdyn_project_MSProjectDocument" parentSchemaName="msdyn_documentheader" parentDisplayName="Document Header" />
      </MissingDependency>
      <MissingDependency>
        <Required key="1" type="1" schemaName="msdyn_project" displayName="Project" solution="ProjectServiceCore (1.0.0.97)" />
        <Dependent key="71" type="10" schemaName="msdyn_msdyn_project_msdyn_projecttask_project" displayName="msdyn_msdyn_project_msdyn_projecttask_project" parentSchemaName="msdyn_project" parentDisplayName="Project" />
      </MissingDependency>
      <MissingDependency>
        <Required key="1" type="1" schemaName="msdyn_project" displayName="Project" solution="ProjectServiceCore (1.0.0.97)" />
        <Dependent key="78" type="10" schemaName="msdyn_systemuser_msdyn_project_projectmanager" displayName="msdyn_systemuser_msdyn_project_projectmanager" parentSchemaName="systemuser" parentDisplayName="User" />
      </MissingDependency>
      <MissingDependency>
        <Required key="1" type="1" schemaName="msdyn_project" displayName="Project" solution="ProjectServiceCore (1.0.0.97)" />
        <Dependent key="79" type="10" schemaName="cr491_Issues_msdyn_project_msdyn_project" displayName="cr491_Issues_msdyn_project_msdyn_project" parentSchemaName="msdyn_project" parentDisplayName="Project" />
      </MissingDependency>
      <MissingDependency>
        <Required key="1" type="1" schemaName="msdyn_project" displayName="Project" solution="ProjectServiceCore (1.0.0.97)" />
        <Dependent key="80" type="10" schemaName="msdyn_msdyn_workhourtemplate_msdyn_project_workhourtemplate" displayName="msdyn_msdyn_workhourtemplate_msdyn_project_workhourtemplate" parentSchemaName="msdyn_workhourtemplate" parentDisplayName="Work template" />
      </MissingDependency>
      <MissingDependency>
        <Required key="81" type="1" schemaName="msdyn_wallsavedqueryusersettings" displayName="Filter" solution="ActivityFeedsCore (9.0.0.0)" />
        <Dependent key="82" type="1" schemaName="systemuser" displayName="User" />
      </MissingDependency>
      <MissingDependency>
        <Required key="83" type="1" schemaName="msdyn_systemuserschedulersetting" displayName="System User Scheduler Setting" solution="MicrosoftDynamicsScheduling (3.7.0.57)" />
        <Dependent key="82" type="1" schemaName="systemuser" displayName="User" />
      </MissingDependency>
      <MissingDependency>
        <Required key="84" type="1" schemaName="bookableresourcebooking" displayName="Bookable Resource Booking" solution="msdynce_Scheduling (9.0.0.0)" />
        <Dependent key="1" type="1" schemaName="msdyn_project" displayName="Project" />
      </MissingDependency>
      <MissingDependency>
        <Required key="85" type="1" schemaName="bookableresourcebookingheader" displayName="Bookable Resource Booking Header" solution="msdynce_Scheduling (9.0.0.0)" />
        <Dependent key="1" type="1" schemaName="msdyn_project" displayName="Project" />
      </MissingDependency>
      <MissingDependency>
        <Required key="86" type="1" schemaName="msdyn_documentheader" displayName="Document Header" solution="ProjectServiceCore (1.0.0.97)" />
        <Dependent key="1" type="1" schemaName="msdyn_project" displayName="Project" />
      </MissingDependency>
      <MissingDependency>
        <Required key="87" type="1" schemaName="msdyn_projectbucket" displayName="Project Bucket" solution="ProjectServiceCore (1.0.0.97)" />
        <Dependent key="1" type="1" schemaName="msdyn_project" displayName="Project" />
      </MissingDependency>
      <MissingDependency>
        <Required key="88" type="1" schemaName="msdyn_projecttaskdependency" displayName="Project Task Dependency" solution="ProjectServiceCore (1.0.0.97)" />
        <Dependent key="1" type="1" schemaName="msdyn_project" displayName="Project" />
      </MissingDependency>
      <MissingDependency>
        <Required key="89" type="1" schemaName="msdyn_projectteam" displayName="Project Team Member" solution="ProjectServiceCore (1.0.0.97)" />
        <Dependent key="1" type="1" schemaName="msdyn_project" displayName="Project" />
      </MissingDependency>
      <MissingDependency>
        <Required key="90" type="1" schemaName="msdyn_replaylogsection" displayName="Replay Log Section" solution="ProjectServiceCore (1.0.0.97)" />
        <Dependent key="1" type="1" schemaName="msdyn_project" displayName="Project" />
      </MissingDependency>
      <MissingDependency>
        <Required key="91" type="1" schemaName="msdyn_resourceassignment" displayName="Resource Assignment" solution="ProjectServiceCore (1.0.0.97)" />
        <Dependent key="1" type="1" schemaName="msdyn_project" displayName="Project" />
      </MissingDependency>
      <MissingDependency>
        <Required key="88" type="1" schemaName="msdyn_projecttaskdependency" displayName="Project Task Dependency" solution="ProjectServiceCore (1.0.0.97)" />
        <Dependent key="0" type="1" schemaName="msdyn_projecttask" displayName="Project Task" />
      </MissingDependency>
      <MissingDependency>
        <Required key="91" type="1" schemaName="msdyn_resourceassignment" displayName="Resource Assignment" solution="ProjectServiceCore (1.0.0.97)" />
        <Dependent key="0" type="1" schemaName="msdyn_projecttask" displayName="Project Task" />
      </MissingDependency>
      <MissingDependency>
        <Required key="92" type="1" schemaName="msdyn_resourcerequirement" displayName="Resource Requirement" solution="MicrosoftDynamicsScheduling (3.7.0.57)" />
        <Dependent key="1" type="1" schemaName="msdyn_project" displayName="Project" />
      </MissingDependency>
      <MissingDependency>
        <Required key="93" type="1" schemaName="msdyn_resourcerequest" displayName="Resource Request" solution="ProjectServiceCore (1.0.0.97)" />
        <Dependent key="82" type="1" schemaName="systemuser" displayName="User" />
      </MissingDependency>
      <MissingDependency>
        <Required key="94" type="1" schemaName="bookableresourcecategory" displayName="Bookable Resource Category" solution="msdynce_Scheduling (9.0.0.0)" />
        <Dependent key="73" type="10" schemaName="msdyn_bookableresourcecategory_msdyn_projecttask_resourcecategory" displayName="msdyn_bookableresourcecategory_msdyn_projecttask_resourcecategory" parentSchemaName="bookableresourcecategory" parentDisplayName="Bookable Resource Category" />
      </MissingDependency>
      <MissingDependency>
        <Required key="95" type="1" schemaName="msdyn_organizationalunit" displayName="Organizational Unit" solution="MicrosoftDynamicsScheduling (3.7.0.57)" />
        <Dependent key="76" type="10" schemaName="msdyn_organizationalunit_project" displayName="msdyn_organizationalunit_project" parentSchemaName="msdyn_organizationalunit" parentDisplayName="Organizational Unit" />
      </MissingDependency>
      <MissingDependency>
        <Required key="95" type="1" schemaName="msdyn_organizationalunit" displayName="Organizational Unit" solution="MicrosoftDynamicsScheduling (3.7.0.57)" />
        <Dependent key="72" type="10" schemaName="msdyn_organizationalunit_projecttask" displayName="msdyn_organizationalunit_projecttask" parentSchemaName="msdyn_organizationalunit" parentDisplayName="Organizational Unit" />
      </MissingDependency>
      <MissingDependency>
        <Required key="87" type="1" schemaName="msdyn_projectbucket" displayName="Project Bucket" solution="ProjectServiceCore (1.0.0.97)" />
        <Dependent key="74" type="10" schemaName="msdyn_msdyn_projectbucket_msdyn_projecttask_bucket_id" displayName="msdyn_msdyn_projectbucket_msdyn_projecttask_bucket_id" parentSchemaName="msdyn_projectbucket" parentDisplayName="Project Bucket" />
      </MissingDependency>
      <MissingDependency>
        <Required key="86" type="1" schemaName="msdyn_documentheader" displayName="Document Header" solution="ProjectServiceCore (1.0.0.97)" />
        <Dependent key="77" type="10" schemaName="msdyn_msdyn_documentheader_msdyn_project_MSProjectDocument" displayName="msdyn_msdyn_documentheader_msdyn_project_MSProjectDocument" parentSchemaName="msdyn_documentheader" parentDisplayName="Document Header" />
      </MissingDependency>
      <MissingDependency>
        <Required key="96" type="1" schemaName="msdyn_workhourtemplate" displayName="Work template" solution="MicrosoftDynamicsScheduling (3.7.0.57)" />
        <Dependent key="80" type="10" schemaName="msdyn_msdyn_workhourtemplate_msdyn_project_workhourtemplate" displayName="msdyn_msdyn_workhourtemplate_msdyn_project_workhourtemplate" parentSchemaName="msdyn_workhourtemplate" parentDisplayName="Work template" />
      </MissingDependency>
      <MissingDependency>
        <Required key="97" type="2" schemaName="msdyn_documentheaderid" displayName="Document Header" parentSchemaName="msdyn_documentheader" parentDisplayName="Document Header" solution="ProjectServiceCore (1.0.0.97)" />
        <Dependent key="77" type="10" schemaName="msdyn_msdyn_documentheader_msdyn_project_MSProjectDocument" displayName="msdyn_msdyn_documentheader_msdyn_project_MSProjectDocument" parentSchemaName="msdyn_documentheader" parentDisplayName="Document Header" />
      </MissingDependency>
      <MissingDependency>
        <Required key="98" type="2" schemaName="msdyn_projectbucketid" displayName="Project Bucket" parentSchemaName="msdyn_projectbucket" parentDisplayName="Project Bucket" solution="ProjectServiceCore (1.0.0.97)" />
        <Dependent key="74" type="10" schemaName="msdyn_msdyn_projectbucket_msdyn_projecttask_bucket_id" displayName="msdyn_msdyn_projectbucket_msdyn_projecttask_bucket_id" parentSchemaName="msdyn_projectbucket" parentDisplayName="Project Bucket" />
      </MissingDependency>
      <MissingDependency>
        <Required key="99" type="2" schemaName="msdyn_name" displayName="Name" parentSchemaName="msdyn_documentheader" parentDisplayName="Document Header" solution="ProjectServiceCore (1.0.0.97)" />
        <Dependent key="77" type="10" schemaName="msdyn_msdyn_documentheader_msdyn_project_MSProjectDocument" displayName="msdyn_msdyn_documentheader_msdyn_project_MSProjectDocument" parentSchemaName="msdyn_documentheader" parentDisplayName="Document Header" />
      </MissingDependency>
      <MissingDependency>
        <Required key="100" type="2" schemaName="bookableresourcecategoryid" displayName="Resource Category" parentSchemaName="bookableresourcecategory" parentDisplayName="Bookable Resource Category" solution="msdynce_Scheduling (9.0.0.0)" />
        <Dependent key="73" type="10" schemaName="msdyn_bookableresourcecategory_msdyn_projecttask_resourcecategory" displayName="msdyn_bookableresourcecategory_msdyn_projecttask_resourcecategory" parentSchemaName="bookableresourcecategory" parentDisplayName="Bookable Resource Category" />
      </MissingDependency>
      <MissingDependency>
        <Required key="101" type="2" schemaName="msdyn_name" displayName="Name" parentSchemaName="msdyn_organizationalunit" parentDisplayName="Organizational Unit" solution="MicrosoftDynamicsScheduling (3.7.0.57)" />
        <Dependent key="76" type="10" schemaName="msdyn_organizationalunit_project" displayName="msdyn_organizationalunit_project" parentSchemaName="msdyn_organizationalunit" parentDisplayName="Organizational Unit" />
      </MissingDependency>
      <MissingDependency>
        <Required key="102" type="2" schemaName="msdyn_name" displayName="Name" parentSchemaName="msdyn_projectbucket" parentDisplayName="Project Bucket" solution="ProjectServiceCore (1.0.0.97)" />
        <Dependent key="74" type="10" schemaName="msdyn_msdyn_projectbucket_msdyn_projecttask_bucket_id" displayName="msdyn_msdyn_projectbucket_msdyn_projecttask_bucket_id" parentSchemaName="msdyn_projectbucket" parentDisplayName="Project Bucket" />
      </MissingDependency>
      <MissingDependency>
        <Required key="101" type="2" schemaName="msdyn_name" displayName="Name" parentSchemaName="msdyn_organizationalunit" parentDisplayName="Organizational Unit" solution="MicrosoftDynamicsScheduling (3.7.0.57)" />
        <Dependent key="72" type="10" schemaName="msdyn_organizationalunit_projecttask" displayName="msdyn_organizationalunit_projecttask" parentSchemaName="msdyn_organizationalunit" parentDisplayName="Organizational Unit" />
      </MissingDependency>
      <MissingDependency>
        <Required key="103" type="2" schemaName="msdyn_organizationalunitid" displayName="Organizational Unit" parentSchemaName="msdyn_organizationalunit" parentDisplayName="Organizational Unit" solution="MicrosoftDynamicsScheduling (3.7.0.57)" />
        <Dependent key="72" type="10" schemaName="msdyn_organizationalunit_projecttask" displayName="msdyn_organizationalunit_projecttask" parentSchemaName="msdyn_organizationalunit" parentDisplayName="Organizational Unit" />
      </MissingDependency>
      <MissingDependency>
        <Required key="104" type="2" schemaName="msdyn_workhourtemplateid" displayName="Work Template" parentSchemaName="msdyn_workhourtemplate" parentDisplayName="Work template" solution="MicrosoftDynamicsScheduling (3.7.0.57)" />
        <Dependent key="80" type="10" schemaName="msdyn_msdyn_workhourtemplate_msdyn_project_workhourtemplate" displayName="msdyn_msdyn_workhourtemplate_msdyn_project_workhourtemplate" parentSchemaName="msdyn_workhourtemplate" parentDisplayName="Work template" />
      </MissingDependency>
      <MissingDependency>
        <Required key="103" type="2" schemaName="msdyn_organizationalunitid" displayName="Organizational Unit" parentSchemaName="msdyn_organizationalunit" parentDisplayName="Organizational Unit" solution="MicrosoftDynamicsScheduling (3.7.0.57)" />
        <Dependent key="76" type="10" schemaName="msdyn_organizationalunit_project" displayName="msdyn_organizationalunit_project" parentSchemaName="msdyn_organizationalunit" parentDisplayName="Organizational Unit" />
      </MissingDependency>
      <MissingDependency>
        <Required key="105" type="2" schemaName="name" displayName="Name" parentSchemaName="bookableresourcecategory" parentDisplayName="Bookable Resource Category" solution="msdynce_Scheduling (9.0.0.0)" />
        <Dependent key="73" type="10" schemaName="msdyn_bookableresourcecategory_msdyn_projecttask_resourcecategory" displayName="msdyn_bookableresourcecategory_msdyn_projecttask_resourcecategory" parentSchemaName="bookableresourcecategory" parentDisplayName="Bookable Resource Category" />
      </MissingDependency>
      <MissingDependency>
        <Required key="106" type="2" schemaName="msdyn_name" displayName="Name" parentSchemaName="msdyn_workhourtemplate" parentDisplayName="Work template" solution="MicrosoftDynamicsScheduling (3.7.0.57)" />
        <Dependent key="80" type="10" schemaName="msdyn_msdyn_workhourtemplate_msdyn_project_workhourtemplate" displayName="msdyn_msdyn_workhourtemplate_msdyn_project_workhourtemplate" parentSchemaName="msdyn_workhourtemplate" parentDisplayName="Work template" />
      </MissingDependency>
      <MissingDependency>
        <Required key="107" type="2" schemaName="msdyn_projectmanager" displayName="Project Manager" parentSchemaName="msdyn_project" parentDisplayName="Project" solution="ProjectServiceCore (1.0.0.97)" />
        <Dependent key="78" type="10" schemaName="msdyn_systemuser_msdyn_project_projectmanager" displayName="msdyn_systemuser_msdyn_project_projectmanager" parentSchemaName="systemuser" parentDisplayName="User" />
      </MissingDependency>
      <MissingDependency>
        <Required key="108" type="2" schemaName="msdyn_projectid" displayName="Project" parentSchemaName="msdyn_project" parentDisplayName="Project" solution="ProjectServiceCore (1.0.0.97)" />
        <Dependent key="79" type="10" schemaName="cr491_Issues_msdyn_project_msdyn_project" displayName="cr491_Issues_msdyn_project_msdyn_project" parentSchemaName="msdyn_project" parentDisplayName="Project" />
      </MissingDependency>
      <MissingDependency>
        <Required key="108" type="2" schemaName="msdyn_projectid" displayName="Project" parentSchemaName="msdyn_project" parentDisplayName="Project" solution="ProjectServiceCore (1.0.0.97)" />
        <Dependent key="71" type="10" schemaName="msdyn_msdyn_project_msdyn_projecttask_project" displayName="msdyn_msdyn_project_msdyn_projecttask_project" parentSchemaName="msdyn_project" parentDisplayName="Project" />
      </MissingDependency>
      <MissingDependency>
        <Required key="109" type="2" schemaName="msdyn_subject" displayName="Name" parentSchemaName="msdyn_project" parentDisplayName="Project" solution="ProjectServiceCore (1.0.0.97)" />
        <Dependent key="79" type="10" schemaName="cr491_Issues_msdyn_project_msdyn_project" displayName="cr491_Issues_msdyn_project_msdyn_project" parentSchemaName="msdyn_project" parentDisplayName="Project" />
      </MissingDependency>
      <MissingDependency>
        <Required key="109" type="2" schemaName="msdyn_subject" displayName="Name" parentSchemaName="msdyn_project" parentDisplayName="Project" solution="ProjectServiceCore (1.0.0.97)" />
        <Dependent key="71" type="10" schemaName="msdyn_msdyn_project_msdyn_projecttask_project" displayName="msdyn_msdyn_project_msdyn_projecttask_project" parentSchemaName="msdyn_project" parentDisplayName="Project" />
      </MissingDependency>
      <MissingDependency>
        <Required key="110" type="2" schemaName="msdyn_resourceorganizationalunitid" displayName="Resourcing unit (Deprecated in v3.0)" parentSchemaName="msdyn_projecttask" parentDisplayName="Project Task" solution="ProjectServiceCore (1.0.0.97)" />
        <Dependent key="72" type="10" schemaName="msdyn_organizationalunit_projecttask" displayName="msdyn_organizationalunit_projecttask" parentSchemaName="msdyn_organizationalunit" parentDisplayName="Organizational Unit" />
      </MissingDependency>
      <MissingDependency>
        <Required key="111" type="2" schemaName="msdyn_parenttask" displayName="Parent Task" parentSchemaName="msdyn_projecttask" parentDisplayName="Project Task" solution="ProjectServiceCore (1.0.0.97)" />
        <Dependent key="70" type="10" schemaName="msdyn_msdyn_projecttask_msdyn_projecttask_parenttask" displayName="msdyn_msdyn_projecttask_msdyn_projecttask_parenttask" parentSchemaName="msdyn_projecttask" parentDisplayName="Project Task" />
      </MissingDependency>
      <MissingDependency>
        <Required key="112" type="2" schemaName="msdyn_resourcecategory" displayName="Role (Deprecated in v3.0)" parentSchemaName="msdyn_projecttask" parentDisplayName="Project Task" solution="ProjectServiceCore (1.0.0.97)" />
        <Dependent key="73" type="10" schemaName="msdyn_bookableresourcecategory_msdyn_projecttask_resourcecategory" displayName="msdyn_bookableresourcecategory_msdyn_projecttask_resourcecategory" parentSchemaName="bookableresourcecategory" parentDisplayName="Bookable Resource Category" />
      </MissingDependency>
      <MissingDependency>
        <Required key="113" type="2" schemaName="msdyn_projectbucket" displayName="Project Bucket" parentSchemaName="msdyn_projecttask" parentDisplayName="Project Task" solution="ProjectServiceCore (1.0.0.97)" />
        <Dependent key="74" type="10" schemaName="msdyn_msdyn_projectbucket_msdyn_projecttask_bucket_id" displayName="msdyn_msdyn_projectbucket_msdyn_projecttask_bucket_id" parentSchemaName="msdyn_projectbucket" parentDisplayName="Project Bucket" />
      </MissingDependency>
      <MissingDependency>
        <Required key="114" type="2" schemaName="msdyn_workhourtemplate" displayName="Work hour template" parentSchemaName="msdyn_project" parentDisplayName="Project" solution="ProjectServiceCore (1.0.0.97)" />
        <Dependent key="80" type="10" schemaName="msdyn_msdyn_workhourtemplate_msdyn_project_workhourtemplate" displayName="msdyn_msdyn_workhourtemplate_msdyn_project_workhourtemplate" parentSchemaName="msdyn_workhourtemplate" parentDisplayName="Work template" />
      </MissingDependency>
      <MissingDependency>
        <Required key="115" type="2" schemaName="msdyn_contractorganizationalunitid" displayName="Contracting Unit" parentSchemaName="msdyn_project" parentDisplayName="Project" solution="ProjectServiceCore (1.0.0.97)" />
        <Dependent key="76" type="10" schemaName="msdyn_organizationalunit_project" displayName="msdyn_organizationalunit_project" parentSchemaName="msdyn_organizationalunit" parentDisplayName="Organizational Unit" />
      </MissingDependency>
      <MissingDependency>
        <Required key="116" type="2" schemaName="msdyn_project" displayName="Project" parentSchemaName="msdyn_projecttask" parentDisplayName="Project Task" solution="ProjectServiceCore (1.0.0.97)" />
        <Dependent key="71" type="10" schemaName="msdyn_msdyn_project_msdyn_projecttask_project" displayName="msdyn_msdyn_project_msdyn_projecttask_project" parentSchemaName="msdyn_project" parentDisplayName="Project" />
      </MissingDependency>
      <MissingDependency>
        <Required key="117" type="2" schemaName="msdyn_subject" displayName="Project Task Name" parentSchemaName="msdyn_projecttask" parentDisplayName="Project Task" solution="ProjectServiceCore (1.0.0.97)" />
        <Dependent key="70" type="10" schemaName="msdyn_msdyn_projecttask_msdyn_projecttask_parenttask" displayName="msdyn_msdyn_projecttask_msdyn_projecttask_parenttask" parentSchemaName="msdyn_projecttask" parentDisplayName="Project Task" />
      </MissingDependency>
      <MissingDependency>
        <Required key="117" type="2" schemaName="msdyn_subject" displayName="Project Task Name" parentSchemaName="msdyn_projecttask" parentDisplayName="Project Task" solution="ProjectServiceCore (1.0.0.97)" />
        <Dependent key="75" type="10" schemaName="cr491_Issues_msdyn_projecttask_msdyn_proj" displayName="cr491_Issues_msdyn_projecttask_msdyn_proj" parentSchemaName="msdyn_projecttask" parentDisplayName="Project Task" />
      </MissingDependency>
      <MissingDependency>
        <Required key="118" type="2" schemaName="siteid" displayName="Site" parentSchemaName="systemuser" parentDisplayName="User" solution="msdynce_Service (9.0.5.56)" />
        <Dependent key="119" type="60" displayName="Information" parentDisplayName="User" id="{c0d7d7dd-afd0-4675-85fe-1cc5a48be6df}" />
      </MissingDependency>
      <MissingDependency>
        <Required key="120" type="2" schemaName="territoryid" displayName="Territory" parentSchemaName="systemuser" parentDisplayName="User" solution="msdynce_AppCommon (9.0.4.0066)" />
        <Dependent key="119" type="60" displayName="Information" parentDisplayName="User" id="{c0d7d7dd-afd0-4675-85fe-1cc5a48be6df}" />
      </MissingDependency>
      <MissingDependency>
        <Required key="121" type="2" schemaName="msdyn_msprojectdocument" displayName="MS Project Document" parentSchemaName="msdyn_project" parentDisplayName="Project" solution="ProjectServiceCore (1.0.0.97)" />
        <Dependent key="77" type="10" schemaName="msdyn_msdyn_documentheader_msdyn_project_MSProjectDocument" displayName="msdyn_msdyn_documentheader_msdyn_project_MSProjectDocument" parentSchemaName="msdyn_documentheader" parentDisplayName="Document Header" />
      </MissingDependency>
      <MissingDependency>
        <Required key="122" type="2" schemaName="msdyn_projecttaskid" displayName="Project task ID" parentSchemaName="msdyn_projecttask" parentDisplayName="Project Task" solution="ProjectServiceCore (1.0.0.97)" />
        <Dependent key="70" type="10" schemaName="msdyn_msdyn_projecttask_msdyn_projecttask_parenttask" displayName="msdyn_msdyn_projecttask_msdyn_projecttask_parenttask" parentSchemaName="msdyn_projecttask" parentDisplayName="Project Task" />
      </MissingDependency>
      <MissingDependency>
        <Required key="122" type="2" schemaName="msdyn_projecttaskid" displayName="Project task ID" parentSchemaName="msdyn_projecttask" parentDisplayName="Project Task" solution="ProjectServiceCore (1.0.0.97)" />
        <Dependent key="75" type="10" schemaName="cr491_Issues_msdyn_projecttask_msdyn_proj" displayName="cr491_Issues_msdyn_projecttask_msdyn_proj" parentSchemaName="msdyn_projecttask" parentDisplayName="Project Task" />
      </MissingDependency>
      <MissingDependency>
        <Required key="80" type="10" schemaName="msdyn_msdyn_workhourtemplate_msdyn_project_workhourtemplate" displayName="msdyn_msdyn_workhourtemplate_msdyn_project_workhourtemplate" parentSchemaName="msdyn_workhourtemplate" parentDisplayName="Work template" solution="ProjectServiceCore (1.0.0.97)" />
        <Dependent key="80" type="10" schemaName="msdyn_msdyn_workhourtemplate_msdyn_project_workhourtemplate" displayName="msdyn_msdyn_workhourtemplate_msdyn_project_workhourtemplate" parentSchemaName="msdyn_workhourtemplate" parentDisplayName="Work template" />
      </MissingDependency>
      <MissingDependency>
        <Required key="74" type="10" schemaName="msdyn_msdyn_projectbucket_msdyn_projecttask_bucket_id" displayName="msdyn_msdyn_projectbucket_msdyn_projecttask_bucket_id" parentSchemaName="msdyn_projectbucket" parentDisplayName="Project Bucket" solution="ProjectServiceCore (1.0.0.97)" />
        <Dependent key="74" type="10" schemaName="msdyn_msdyn_projectbucket_msdyn_projecttask_bucket_id" displayName="msdyn_msdyn_projectbucket_msdyn_projecttask_bucket_id" parentSchemaName="msdyn_projectbucket" parentDisplayName="Project Bucket" />
      </MissingDependency>
      <MissingDependency>
        <Required key="73" type="10" schemaName="msdyn_bookableresourcecategory_msdyn_projecttask_resourcecategory" displayName="msdyn_bookableresourcecategory_msdyn_projecttask_resourcecategory" parentSchemaName="bookableresourcecategory" parentDisplayName="Bookable Resource Category" solution="ProjectServiceCore (1.0.0.97)" />
        <Dependent key="73" type="10" schemaName="msdyn_bookableresourcecategory_msdyn_projecttask_resourcecategory" displayName="msdyn_bookableresourcecategory_msdyn_projecttask_resourcecategory" parentSchemaName="bookableresourcecategory" parentDisplayName="Bookable Resource Category" />
      </MissingDependency>
      <MissingDependency>
        <Required key="71" type="10" schemaName="msdyn_msdyn_project_msdyn_projecttask_project" displayName="msdyn_msdyn_project_msdyn_projecttask_project" parentSchemaName="msdyn_project" parentDisplayName="Project" solution="ProjectServiceCore (1.0.0.97)" />
        <Dependent key="71" type="10" schemaName="msdyn_msdyn_project_msdyn_projecttask_project" displayName="msdyn_msdyn_project_msdyn_projecttask_project" parentSchemaName="msdyn_project" parentDisplayName="Project" />
      </MissingDependency>
      <MissingDependency>
        <Required key="77" type="10" schemaName="msdyn_msdyn_documentheader_msdyn_project_MSProjectDocument" displayName="msdyn_msdyn_documentheader_msdyn_project_MSProjectDocument" parentSchemaName="msdyn_documentheader" parentDisplayName="Document Header" solution="ProjectServiceCore (1.0.0.97)" />
        <Dependent key="77" type="10" schemaName="msdyn_msdyn_documentheader_msdyn_project_MSProjectDocument" displayName="msdyn_msdyn_documentheader_msdyn_project_MSProjectDocument" parentSchemaName="msdyn_documentheader" parentDisplayName="Document Header" />
      </MissingDependency>
      <MissingDependency>
        <Required key="78" type="10" schemaName="msdyn_systemuser_msdyn_project_projectmanager" displayName="msdyn_systemuser_msdyn_project_projectmanager" parentSchemaName="systemuser" parentDisplayName="User" solution="ProjectServiceCore (1.0.0.97)" />
        <Dependent key="78" type="10" schemaName="msdyn_systemuser_msdyn_project_projectmanager" displayName="msdyn_systemuser_msdyn_project_projectmanager" parentSchemaName="systemuser" parentDisplayName="User" />
      </MissingDependency>
      <MissingDependency>
        <Required key="72" type="10" schemaName="msdyn_organizationalunit_projecttask" displayName="msdyn_organizationalunit_projecttask" parentSchemaName="msdyn_organizationalunit" parentDisplayName="Organizational Unit" solution="ProjectServiceCore (1.0.0.97)" />
        <Dependent key="72" type="10" schemaName="msdyn_organizationalunit_projecttask" displayName="msdyn_organizationalunit_projecttask" parentSchemaName="msdyn_organizationalunit" parentDisplayName="Organizational Unit" />
      </MissingDependency>
      <MissingDependency>
        <Required key="70" type="10" schemaName="msdyn_msdyn_projecttask_msdyn_projecttask_parenttask" displayName="msdyn_msdyn_projecttask_msdyn_projecttask_parenttask" parentSchemaName="msdyn_projecttask" parentDisplayName="Project Task" solution="ProjectServiceCore (1.0.0.97)" />
        <Dependent key="70" type="10" schemaName="msdyn_msdyn_projecttask_msdyn_projecttask_parenttask" displayName="msdyn_msdyn_projecttask_msdyn_projecttask_parenttask" parentSchemaName="msdyn_projecttask" parentDisplayName="Project Task" />
      </MissingDependency>
      <MissingDependency>
        <Required key="76" type="10" schemaName="msdyn_organizationalunit_project" displayName="msdyn_organizationalunit_project" parentSchemaName="msdyn_organizationalunit" parentDisplayName="Organizational Unit" solution="ProjectServiceCore (1.0.0.97)" />
        <Dependent key="76" type="10" schemaName="msdyn_organizationalunit_project" displayName="msdyn_organizationalunit_project" parentSchemaName="msdyn_organizationalunit" parentDisplayName="Organizational Unit" />
      </MissingDependency>
      <MissingDependency>
        <Required key="74" type="10" schemaName="msdyn_msdyn_projectbucket_msdyn_projecttask_bucket_id" displayName="msdyn_msdyn_projectbucket_msdyn_projecttask_bucket_id" parentSchemaName="msdyn_projectbucket" parentDisplayName="Project Bucket" solution="ProjectServiceCore (1.0.0.97)" />
        <Dependent key="13" type="2" schemaName="msdyn_projectbucketname" parentSchemaName="msdyn_projecttask" parentDisplayName="Project Task" />
      </MissingDependency>
      <MissingDependency>
        <Required key="71" type="10" schemaName="msdyn_msdyn_project_msdyn_projecttask_project" displayName="msdyn_msdyn_project_msdyn_projecttask_project" parentSchemaName="msdyn_project" parentDisplayName="Project" solution="ProjectServiceCore (1.0.0.97)" />
        <Dependent key="29" type="2" schemaName="msdyn_projectname" parentSchemaName="msdyn_projecttask" parentDisplayName="Project Task" />
      </MissingDependency>
      <MissingDependency>
        <Required key="78" type="10" schemaName="msdyn_systemuser_msdyn_project_projectmanager" displayName="msdyn_systemuser_msdyn_project_projectmanager" parentSchemaName="systemuser" parentDisplayName="User" solution="ProjectServiceCore (1.0.0.97)" />
        <Dependent key="26" type="2" schemaName="msdyn_projectmanageryominame" parentSchemaName="msdyn_project" parentDisplayName="Project" />
      </MissingDependency>
      <MissingDependency>
        <Required key="77" type="10" schemaName="msdyn_msdyn_documentheader_msdyn_project_MSProjectDocument" displayName="msdyn_msdyn_documentheader_msdyn_project_MSProjectDocument" parentSchemaName="msdyn_documentheader" parentDisplayName="Document Header" solution="ProjectServiceCore (1.0.0.97)" />
        <Dependent key="25" type="2" schemaName="msdyn_msprojectdocumentname" parentSchemaName="msdyn_project" parentDisplayName="Project" />
      </MissingDependency>
      <MissingDependency>
        <Required key="80" type="10" schemaName="msdyn_msdyn_workhourtemplate_msdyn_project_workhourtemplate" displayName="msdyn_msdyn_workhourtemplate_msdyn_project_workhourtemplate" parentSchemaName="msdyn_workhourtemplate" parentDisplayName="Work template" solution="ProjectServiceCore (1.0.0.97)" />
        <Dependent key="22" type="2" schemaName="msdyn_workhourtemplatename" parentSchemaName="msdyn_project" parentDisplayName="Project" />
      </MissingDependency>
      <MissingDependency>
        <Required key="72" type="10" schemaName="msdyn_organizationalunit_projecttask" displayName="msdyn_organizationalunit_projecttask" parentSchemaName="msdyn_organizationalunit" parentDisplayName="Organizational Unit" solution="ProjectServiceCore (1.0.0.97)" />
        <Dependent key="31" type="2" schemaName="msdyn_resourceorganizationalunitidname" parentSchemaName="msdyn_projecttask" parentDisplayName="Project Task" />
      </MissingDependency>
      <MissingDependency>
        <Required key="78" type="10" schemaName="msdyn_systemuser_msdyn_project_projectmanager" displayName="msdyn_systemuser_msdyn_project_projectmanager" parentSchemaName="systemuser" parentDisplayName="User" solution="ProjectServiceCore (1.0.0.97)" />
        <Dependent key="50" type="2" schemaName="msdyn_projectmanagername" parentSchemaName="msdyn_project" parentDisplayName="Project" />
      </MissingDependency>
      <MissingDependency>
        <Required key="73" type="10" schemaName="msdyn_bookableresourcecategory_msdyn_projecttask_resourcecategory" displayName="msdyn_bookableresourcecategory_msdyn_projecttask_resourcecategory" parentSchemaName="bookableresourcecategory" parentDisplayName="Bookable Resource Category" solution="ProjectServiceCore (1.0.0.97)" />
        <Dependent key="49" type="2" schemaName="msdyn_resourcecategoryname" parentSchemaName="msdyn_projecttask" parentDisplayName="Project Task" />
      </MissingDependency>
      <MissingDependency>
        <Required key="76" type="10" schemaName="msdyn_organizationalunit_project" displayName="msdyn_organizationalunit_project" parentSchemaName="msdyn_organizationalunit" parentDisplayName="Organizational Unit" solution="ProjectServiceCore (1.0.0.97)" />
        <Dependent key="30" type="2" schemaName="msdyn_contractorganizationalunitidname" parentSchemaName="msdyn_project" parentDisplayName="Project" />
      </MissingDependency>
      <MissingDependency>
        <Required key="70" type="10" schemaName="msdyn_msdyn_projecttask_msdyn_projecttask_parenttask" displayName="msdyn_msdyn_projecttask_msdyn_projecttask_parenttask" parentSchemaName="msdyn_projecttask" parentDisplayName="Project Task" solution="ProjectServiceCore (1.0.0.97)" />
        <Dependent key="52" type="2" schemaName="msdyn_parenttaskname" parentSchemaName="msdyn_projecttask" parentDisplayName="Project Task" />
      </MissingDependency>
      <MissingDependency>
        <Required key="123" type="61" schemaName="msdyn_/RecordWall.htm" displayName="msdyn_/RecordWall.htm" solution="ActivityFeedsCore (9.0.0.0)" />
        <Dependent key="119" type="60" displayName="Information" parentDisplayName="User" id="{c0d7d7dd-afd0-4675-85fe-1cc5a48be6df}" />
      </MissingDependency>
      <MissingDependency>
        <Required key="124" type="61" schemaName="msdyn_/ActivityFeeds.Form.js" displayName="msdyn_/ActivityFeeds.Form.js" solution="ActivityFeedsCore (9.0.0.0)" />
        <Dependent key="119" type="60" displayName="Information" parentDisplayName="User" id="{c0d7d7dd-afd0-4675-85fe-1cc5a48be6df}" />
      </MissingDependency>
    </MissingDependencies>
  </SolutionManifest>
</ImportExportXml>