{"name":"f27dda86-d5e3-4e6c-b98c-18c078bb67e6","id":"/providers/Microsoft.Flow/flows/f27dda86-d5e3-4e6c-b98c-18c078bb67e6","type":"Microsoft.Flow/flows","properties":{"apiId":"/providers/Microsoft.PowerApps/apis/shared_logicflows","displayName":"Delete Zero Duration Projects","definition":{"metadata":{"workflowEntityId":null,"creator":{"id":"211b13e3-4289-4bfc-a42b-fc903d84fc9c","type":"User","tenantId":"ee51c033-a7ec-44a0-af67-bbac529403c8"},"provisioningMethod":"FromDefinition","failureAlertSubscription":true,"clientLastModifiedTime":"2019-11-16T11:18:52.4665711Z"},"$schema":"https://schema.management.azure.com/providers/Microsoft.Logic/schemas/2016-06-01/workflowdefinition.json#","contentVersion":"1.0.0.0","parameters":{"$connections":{"defaultValue":{},"type":"Object"},"$authentication":{"defaultValue":{},"type":"SecureObject"}},"triggers":{"Recurrence":{"recurrence":{"frequency":"Week","interval":1,"startTime":"2019-11-13T04:30:00.000Z","schedule":{"weekDays":["Saturday"]}},"type":"Recurrence"}},"actions":{"List_Zero_Duration_Active_Projects_":{"runAfter":{},"metadata":{"flowSystemMetadata":{"swaggerOperationId":"GetItems_V2"}},"type":"ApiConnection","inputs":{"host":{"connection":{"name":"@parameters('$connections')['shared_commondataservice']['connectionId']"},"api":{"runtimeUrl":"https://india-001.azure-apim.net/apim/commondataservice"}},"method":"get","path":"/v2/datasets/@{encodeURIComponent(encodeURIComponent('org778ef35a.crm8'))}/tables/@{encodeURIComponent(encodeURIComponent('msdyn_projects'))}/items","queries":{"$filter":"msdyn_duration eq null and statecode eq 0","$expand":"msdyn_projectmanager($select=internalemailaddress)"},"authentication":"@parameters('$authentication')"}},"Apply_to_each_project":{"foreach":"@body('List_Zero_Duration_Active_Projects_')?['value']","actions":{"Create_an_approval_to_delete_this_project":{"runAfter":{"Parse_Project_Manger_Email_Address":["Succeeded"]},"metadata":{"flowSystemMetadata":{"swaggerOperationId":"CreateAnApproval"}},"type":"ApiConnection","inputs":{"host":{"connection":{"name":"@parameters('$connections')['shared_approvals']['connectionId']"},"api":{"runtimeUrl":"https://india-001.azure-apim.net/apim/approvals"}},"method":"post","body":{"title":"Do you want to delete @{items('Apply_to_each_project')?['msdyn_subject']}?","assignedTo":"@{body('Parse_Project_Manger_Email_Address')?['internalemailaddress']};","details":"[Open Project](https://project.microsoft.com/en-US/#/taskgrid?projectId=@{items('Apply_to_each_project')?['msdyn_projectid']})","enableNotifications":false,"enableReassignment":false},"path":"/types/@{encodeURIComponent('Basic')}","authentication":"@parameters('$authentication')"}},"Post_your_own_adaptive_card_as_the_Flow_bot_to_a_user":{"runAfter":{"Create_an_approval_to_delete_this_project":["Succeeded"]},"metadata":{"flowSystemMetadata":{"swaggerOperationId":"PostUserAdaptiveCard"}},"type":"ApiConnection","inputs":{"host":{"connection":{"name":"@parameters('$connections')['shared_teams']['connectionId']"},"api":{"runtimeUrl":"https://india-001.azure-apim.net/apim/teams"}},"method":"post","body":{"recipient":{"to":"@{body('Parse_Project_Manger_Email_Address')?['internalemailaddress']};","isAlert":true},"messageBody":"@body('Create_an_approval_to_delete_this_project')?['adaptiveCard']"},"path":"/flowbot/actions/adaptivecard/recipienttypes/user","authentication":"@parameters('$authentication')"}},"Condition":{"actions":{"Delete_a_record":{"runAfter":{},"metadata":{"flowSystemMetadata":{"swaggerOperationId":"DeleteItem"}},"type":"ApiConnection","inputs":{"host":{"connection":{"name":"@parameters('$connections')['shared_commondataservice']['connectionId']"},"api":{"runtimeUrl":"https://india-001.azure-apim.net/apim/commondataservice"}},"method":"delete","path":"/datasets/@{encodeURIComponent(encodeURIComponent('org778ef35a.crm8'))}/tables/@{encodeURIComponent(encodeURIComponent('msdyn_projects'))}/items/@{encodeURIComponent(encodeURIComponent(items('Apply_to_each_project')?['msdyn_projectid']))}","authentication":"@parameters('$authentication')"}}},"runAfter":{"Wait_for_an_approval":["Succeeded"]},"expression":{"equals":["@body('Wait_for_an_approval')?['outcome']","Approve"]},"type":"If"},"Wait_for_an_approval":{"runAfter":{"Post_your_own_adaptive_card_as_the_Flow_bot_to_a_user":["Succeeded"]},"metadata":{"flowSystemMetadata":{"swaggerOperationId":"WaitForAnApproval"}},"type":"ApiConnectionWebhook","inputs":{"host":{"connection":{"name":"@parameters('$connections')['shared_approvals']['connectionId']"},"api":{"runtimeUrl":"https://india-001.azure-apim.net/apim/approvals"}},"body":{"notificationUrl":"@{listCallbackUrl()}"},"path":"/approvals/@{encodeURIComponent(body('Create_an_approval_to_delete_this_project')?['name'])}/subscriptions","authentication":"@parameters('$authentication')"}},"Parse_Current_Project":{"runAfter":{},"type":"ParseJson","inputs":{"content":"@items('Apply_to_each_project')","schema":{"type":"object","properties":{"msdyn_projectmanager":{"type":"string"}}}}},"Parse_Project_Manger_Email_Address":{"runAfter":{"Parse_Current_Project":["Succeeded"]},"type":"ParseJson","inputs":{"content":"@body('Parse_Current_Project')?['msdyn_projectmanager']","schema":{"type":"object","properties":{"internalemailaddress":{"type":"string"}}}}}},"runAfter":{"List_Zero_Duration_Active_Projects_":["Succeeded"]},"type":"Foreach"}}},"connectionReferences":{"shared_commondataservice":{"connectionName":"b109badfa2f14485a65196034cb1cc1d","source":"Embedded","id":"/providers/Microsoft.PowerApps/apis/shared_commondataservice","tier":"NotSpecified"},"shared_approvals":{"connectionName":"shared-approvals-cb58a20c-ad98-4b85-8d49-823e3473b2fc","source":"Embedded","id":"/providers/Microsoft.PowerApps/apis/shared_approvals","tier":"NotSpecified"},"shared_teams":{"connectionName":"shared-teams-8f9a1289-b2dc-42e2-a12a-17c6ac83099e","source":"Embedded","id":"/providers/Microsoft.PowerApps/apis/shared_teams","tier":"NotSpecified"}},"flowFailureAlertSubscribed":false}}