{"name":"440db48b-c1f7-4edb-90fe-ebddc69fd3a9","id":"/providers/Microsoft.Flow/flows/440db48b-c1f7-4edb-90fe-ebddc69fd3a9","type":"Microsoft.Flow/flows","properties":{"apiId":"/providers/Microsoft.PowerApps/apis/shared_logicflows","displayName":"Daily Project for the web Task Reminder","definition":{"metadata":{"workflowEntityId":null,"creator":{"id":"f73946df-a0e9-4eb4-a710-8ade9fcfbdb8","type":"User","tenantId":"72f988bf-86f1-41af-91ab-2d7cd011db47"},"provisioningMethod":"FromDefinition","failureAlertSubscription":true,"clientLastModifiedTime":"2020-05-27T20:09:58.3776293Z"},"$schema":"https://schema.management.azure.com/providers/Microsoft.Logic/schemas/2016-06-01/workflowdefinition.json#","contentVersion":"1.0.0.0","parameters":{"$connections":{"defaultValue":{},"type":"Object"},"$authentication":{"defaultValue":{},"type":"SecureObject"}},"triggers":{"Recurrence":{"recurrence":{"frequency":"Day","interval":1,"startTime":"2019-08-07T17:00:00Z","schedule":{"hours":["9"]}},"type":"Recurrence"}},"actions":{"Get_my_profile_(V2)":{"runAfter":{},"metadata":{"flowSystemMetadata":{"swaggerOperationId":"MyProfile_V2"}},"type":"ApiConnection","inputs":{"host":{"connection":{"name":"@parameters('$connections')['shared_office365users']['connectionId']"},"api":{"runtimeUrl":"https://firstrelease-001.azure-apim.net/apim/office365users"}},"method":"get","path":"/codeless/v1.0/me","authentication":"@parameters('$authentication')"}},"Iterate_through_Bookable_Resources_to_find_me":{"foreach":"@body('Get_my_AAD_Object_in_Dynamics_Users')?['value']","actions":{"Get_the_Bookable_Resource_as_\"me\"":{"runAfter":{},"metadata":{"flowSystemMetadata":{"swaggerOperationId":"GetItems_V2"}},"type":"ApiConnection","inputs":{"host":{"connection":{"name":"@parameters('$connections')['shared_commondataservice']['connectionId']"},"api":{"runtimeUrl":"https://firstrelease-001.azure-apim.net/apim/commondataservice"}},"method":"get","path":"/v2/datasets/@{encodeURIComponent(encodeURIComponent('default.cds'))}/tables/@{encodeURIComponent(encodeURIComponent('bookableresources'))}/items","queries":{"$filter":"_userid_value eq '@{items('Iterate_through_Bookable_Resources_to_find_me')?['systemuserid']}'","$top":1},"authentication":"@parameters('$authentication')"}},"Iterate_through_Resource_Assignments_to_find_me":{"foreach":"@body('Get_the_Bookable_Resource_as_\"me\"')?['value']","actions":{"Get_the_Resource_Assignments_for_\"me\"":{"runAfter":{},"metadata":{"flowSystemMetadata":{"swaggerOperationId":"GetItems_V2"}},"type":"ApiConnection","inputs":{"host":{"connection":{"name":"@parameters('$connections')['shared_commondataservice']['connectionId']"},"api":{"runtimeUrl":"https://firstrelease-001.azure-apim.net/apim/commondataservice"}},"method":"get","path":"/v2/datasets/@{encodeURIComponent(encodeURIComponent('default.cds'))}/tables/@{encodeURIComponent(encodeURIComponent('msdyn_resourceassignments'))}/items","queries":{"$filter":"_msdyn_bookableresourceid_value eq '@{items('Iterate_through_Resource_Assignments_to_find_me')?['bookableresourceid']}'"},"authentication":"@parameters('$authentication')"}},"Iterate_through_Project_Tasks_to_find_Tasks_assigned_to_me":{"foreach":"@body('Get_the_Resource_Assignments_for_\"me\"')?['value']","actions":{"Get_tasks_assigned_to_me":{"runAfter":{},"metadata":{"flowSystemMetadata":{"swaggerOperationId":"GetItems_V2"}},"type":"ApiConnection","inputs":{"host":{"connection":{"name":"@parameters('$connections')['shared_commondataservice']['connectionId']"},"api":{"runtimeUrl":"https://firstrelease-001.azure-apim.net/apim/commondataservice"}},"method":"get","path":"/v2/datasets/@{encodeURIComponent(encodeURIComponent('default.cds'))}/tables/@{encodeURIComponent(encodeURIComponent('msdyn_projecttasks'))}/items","queries":{"$filter":"ItemInternalId eq '@{items('Iterate_through_Project_Tasks_to_find_Tasks_assigned_to_me')?['_msdyn_taskid_value']}'"},"authentication":"@parameters('$authentication')"}},"Loop_through_tasks_assigned_to_me":{"foreach":"@body('Get_tasks_assigned_to_me')?['value']","actions":{"Check_for_tasks_that_are_not_complete_and_due_in_the_next_7_days":{"actions":{"If_the_task_is_late":{"actions":{"Add_to_Late_Tasks_":{"runAfter":{},"type":"AppendToArrayVariable","inputs":{"name":"LateTasks","value":"@variables('TaskInfo')"}}},"runAfter":{"Append_to_array_variable":["Succeeded"]},"expression":{"lessOrEquals":["@items('Iterate_through_Project_Tasks_to_find_Tasks_assigned_to_me')?['msdyn_finish']","@utcNow()"]},"type":"If"},"Set_Task_Information":{"runAfter":{"Multiply_PercentCompleteVar_by_100_to_get_a_whole_number":["Succeeded"]},"type":"SetVariable","inputs":{"name":"TaskInfo","value":{"Name":"<a href=\"https://project.microsoft.com/en-US/#/taskboard?projectId=@{body('Get_record')?['msdyn_projectid']}&taskId=@{toUpper(items('Loop_through_tasks_assigned_to_me')?['msdyn_projecttaskid'])}\">@{items('Loop_through_tasks_assigned_to_me')?['msdyn_subject']}</a>","ProjectName":"<a href=\"https://project.microsoft.com/en-US/#/taskgrid?projectId=@{body('Get_record')?['msdyn_projectid']}\">@{body('Get_record')?['msdyn_subject']}</a>","FinishDate":"@{items('Loop_through_tasks_assigned_to_me')?['msdyn_finish']}","PercentComplete":"@{variables('PercentComplete')}%"}}},"Append_to_array_variable":{"runAfter":{"Set_Task_Information":["Succeeded"]},"type":"AppendToArrayVariable","inputs":{"name":"List of Tasks","value":"@variables('TaskInfo')"}},"Condition":{"actions":{"Append_to_array_variable_2":{"runAfter":{},"type":"AppendToArrayVariable","inputs":{"name":"Upcoming Tasks","value":"@variables('TaskInfo')"}}},"runAfter":{"Append_to_array_variable":["Succeeded"]},"expression":{"greater":["@items('Loop_through_tasks_assigned_to_me')?['msdyn_scheduledend']","@utcNow()"]},"type":"If"},"Get_record":{"runAfter":{},"metadata":{"flowSystemMetadata":{"swaggerOperationId":"GetItem_V2"}},"type":"ApiConnection","inputs":{"host":{"connection":{"name":"@parameters('$connections')['shared_commondataservice']['connectionId']"},"api":{"runtimeUrl":"https://firstrelease-001.azure-apim.net/apim/commondataservice"}},"method":"get","path":"/v2/datasets/@{encodeURIComponent(encodeURIComponent('default.cds'))}/tables/@{encodeURIComponent(encodeURIComponent('msdyn_projects'))}/items/@{encodeURIComponent(encodeURIComponent(items('Loop_through_tasks_assigned_to_me')?['_msdyn_project_value']))}","authentication":"@parameters('$authentication')"}},"Set_PercentCompleteVar_to_this_Percent_Complete":{"runAfter":{"Get_record":["Succeeded"]},"type":"SetVariable","inputs":{"name":"PercentCompleteVar","value":"@items('Loop_through_tasks_assigned_to_me')?['msdyn_progress']"}},"Multiply_PercentCompleteVar_by_100_to_get_a_whole_number":{"runAfter":{"Set_PercentCompleteVar_to_this_Percent_Complete":["Succeeded"]},"type":"SetVariable","inputs":{"name":"PercentComplete","value":"@mul(variables('PercentCompleteVar'), 100)"}}},"runAfter":{},"expression":{"and":[{"not":{"equals":["@items('Loop_through_tasks_assigned_to_me')?['msdyn_finish']","@null"]}},{"lessOrEquals":["@items('Loop_through_tasks_assigned_to_me')?['msdyn_finish']","@addDays(utcNow(),7)"]},{"not":{"equals":["@items('Loop_through_tasks_assigned_to_me')?['msdyn_progress']",1]}}]},"type":"If"}},"runAfter":{"Get_tasks_assigned_to_me":["Succeeded"]},"type":"Foreach","runtimeConfiguration":{"concurrency":{"repetitions":50}}}},"runAfter":{"Get_the_Resource_Assignments_for_\"me\"":["Succeeded"]},"type":"Foreach","runtimeConfiguration":{"concurrency":{"repetitions":50}}}},"runAfter":{"Get_the_Bookable_Resource_as_\"me\"":["Succeeded"]},"type":"Foreach","runtimeConfiguration":{"concurrency":{"repetitions":50}}}},"runAfter":{"Initialize_\"Percent_Complete\"_Variable_so_percent_shows_as_a_full_number":["Succeeded"]},"type":"Foreach","description":"Bookable Resources are assignable resources.","runtimeConfiguration":{"concurrency":{"repetitions":50}}},"Initialize_the_\"ListofTasks\"_array":{"runAfter":{"Initialize_the_\"TaskInformation\"_variable":["Succeeded"]},"type":"InitializeVariable","inputs":{"variables":[{"name":"List of Tasks","type":"Array"}]}},"Initialize_the_\"TaskInformation\"_variable":{"runAfter":{"Get_my_AAD_Object_in_Dynamics_Users":["Succeeded"]},"type":"InitializeVariable","inputs":{"variables":[{"name":"TaskInfo","type":"Object","value":{"Name":"","Project Name":"","Finish Date":"","Percent Complete":""}}]}},"Get_my_AAD_Object_in_Dynamics_Users":{"runAfter":{"Get_my_profile_(V2)":["Succeeded"]},"metadata":{"flowSystemMetadata":{"swaggerOperationId":"GetItems_V2"}},"type":"ApiConnection","inputs":{"host":{"connection":{"name":"@parameters('$connections')['shared_commondataservice']['connectionId']"},"api":{"runtimeUrl":"https://firstrelease-001.azure-apim.net/apim/commondataservice"}},"method":"get","path":"/v2/datasets/@{encodeURIComponent(encodeURIComponent('default.cds'))}/tables/@{encodeURIComponent(encodeURIComponent('systemusers'))}/items","queries":{"$filter":"azureactivedirectoryobjectid eq '@{body('Get_my_profile_(V2)')?['id']}'","$top":1},"authentication":"@parameters('$authentication')"},"description":"This finds the matching userid in Dynamics, so that we can query the tasks assigned to the user. If this fails, ensure that the user is assigned tasks in Project."},"Initialize_\"Late_Tasks\"_array":{"runAfter":{"Initialize_the_\"ListofTasks\"_array":["Succeeded"]},"type":"InitializeVariable","inputs":{"variables":[{"name":"LateTasks","type":"Array"}]}},"Initialize_\"Upcoming_Tasks\"_array":{"runAfter":{"Initialize_\"Late_Tasks\"_array":["Succeeded"]},"type":"InitializeVariable","inputs":{"variables":[{"name":"Upcoming Tasks","type":"Array"}]}},"Number_of_Late_and_Upcoming_Tasks":{"runAfter":{"Iterate_through_Bookable_Resources_to_find_me":["Succeeded"]},"type":"InitializeVariable","inputs":{"variables":[{"name":"Number of Upcoming Tasks","type":"Integer","value":"@length(variables('List of Tasks'))"}]}},"Table_of_Upcoming_Tasks":{"runAfter":{"Number_of_Late_and_Upcoming_Tasks":["Succeeded"]},"type":"Table","inputs":{"from":"@variables('Upcoming Tasks')","format":"HTML"}},"Table_of_Late_Tasks":{"runAfter":{"Table_of_Upcoming_Tasks":["Succeeded"]},"type":"Table","inputs":{"from":"@variables('LateTasks')","format":"HTML"}},"Compose_Links_for_Late_Tasks":{"runAfter":{"Compose_Links_for_Upcoming_Tasks":["Succeeded"]},"type":"Compose","inputs":"@replace(replace(replace(body('Table_of_Late_Tasks'), '&lt;', '<'), '&gt;', '>'), '&quot;', '\"')"},"Compose_Links_for_Upcoming_Tasks":{"runAfter":{"Table_of_Late_Tasks":["Succeeded"]},"type":"Compose","inputs":"@replace(replace(replace(body('Table_of_Upcoming_Tasks'), '&lt;', '<'), '&gt;', '>'), '&quot;', '\"')"},"Initialize_\"Percent_Complete_Variable\"":{"runAfter":{"Initialize_\"Upcoming_Tasks\"_array":["Succeeded"]},"type":"InitializeVariable","inputs":{"variables":[{"name":"PercentCompleteVar","type":"Float","value":0}]}},"Initialize_\"Percent_Complete\"_Variable_so_percent_shows_as_a_full_number":{"runAfter":{"Initialize_\"Percent_Complete_Variable\"":["Succeeded"]},"type":"InitializeVariable","inputs":{"variables":[{"name":"PercentComplete","type":"Float","value":0}]}},"If_there_are_more_than_0_upcoming_or_late_tasks":{"actions":{"Send_me_an_email_notification":{"runAfter":{},"metadata":{"flowSystemMetadata":{"swaggerOperationId":"SendEmailNotification"}},"type":"ApiConnection","inputs":{"host":{"connection":{"name":"@parameters('$connections')['shared_flowpush']['connectionId']"},"api":{"runtimeUrl":"https://firstrelease-001.azure-apim.net/apim/flowpush"}},"method":"post","body":{"notificationSubject":"Task reminder: You have tasks to do!","notificationBody":"<html>\n<head>\n<style>\na:link {\n  color: #077D3F;\n}\ntable {\n  border-collapse: collapse;\n  width: 100%;\n}\n\nth, td {\n  text-align: left;\n  padding: 10px;\n  width:20%;\n}\n\ntr:nth-child(even){background-color: #f2f2f2}\n\nth {\n  background-color: #077D3F;\n  color: white;\n}\n</style>\n</head>\n\n<body>\n<div><span style=\"font-size:16px;font-family:&quot;Segoe UI&quot;,sans-serif;color:#364147;font-style:regular\"><td style=\"padding:0in 0in 8px 0in\">\nHi @{body('Get_my_profile_(V2)')?['givenName']},\n</td></span></div><br>\n\n<div><span style=\"font-size:14px;font-family:Segoe UI,sans-serif;color:#364147;font-style:regular\">\nYou have @{variables('Number of Upcoming Tasks')} Project tasks late or due in the next 7 days: </span></div>\n<br>\n\n<div><span style=\"font-size:20px;font-family:Segoe UI,sans-serif;color:#364147;font-style:regular\">Late: \n</span></div>\n@{outputs('Compose_Links_for_Late_Tasks')}\n<br><br>\n\n\n<div><span style=\"font-size:20px;font-family:Segoe UI,sans-serif;color:#364147;font-style:regular\">Upcoming: \n</span></div>\n@{outputs('Compose_Links_for_Upcoming_Tasks')}\n<br>\n\n</body>\n</html>"},"path":"/sendEmailNotification","authentication":"@parameters('$authentication')"}}},"runAfter":{"Compose_Links_for_Late_Tasks":["Succeeded"]},"expression":{"greater":["@variables('Number of Upcoming Tasks')",0]},"type":"If"}},"description":"This flow sends a daily email to the user of all late and upcoming tasks from Project for the web. If there are no tasks found, then an email will not be sent."},"connectionReferences":{"shared_office365users":{"connectionName":"shared-office365user-948c5165-f031-46d8-a10c-7c9bd6177d9d","source":"Embedded","id":"/providers/Microsoft.PowerApps/apis/shared_office365users","tier":"NotSpecified"},"shared_commondataservice":{"connectionName":"shared-commondataser-54280c81-a0a6-4bc4-9a67-6471e0fb1085","source":"Embedded","id":"/providers/Microsoft.PowerApps/apis/shared_commondataservice","tier":"NotSpecified"},"shared_flowpush":{"connectionName":"shared-flowpush-e5bb4f35-9dc9-4b4a-9c98-8291e88831b2","source":"Embedded","id":"/providers/Microsoft.PowerApps/apis/shared_flowpush","tier":"NotSpecified"}},"flowFailureAlertSubscribed":false}}