{"name":"3258168f-a72c-4a73-a216-83d3e80131db","id":"/providers/Microsoft.Flow/flows/3258168f-a72c-4a73-a216-83d3e80131db","type":"Microsoft.Flow/flows","properties":{"apiId":"/providers/Microsoft.PowerApps/apis/shared_logicflows","displayName":"Notify me when the Project Finish Date changes for my Projects","definition":{"metadata":{"workflowEntityId":null,"creator":{"id":"f73946df-a0e9-4eb4-a710-8ade9fcfbdb8","type":"User","tenantId":"72f988bf-86f1-41af-91ab-2d7cd011db47"},"provisioningMethod":"FromDefinition","failureAlertSubscription":true,"clientLastModifiedTime":"2019-09-10T18:13:25.1145499Z"},"$schema":"https://schema.management.azure.com/providers/Microsoft.Logic/schemas/2016-06-01/workflowdefinition.json#","contentVersion":"1.0.0.0","parameters":{"$connections":{"defaultValue":{},"type":"Object"},"$authentication":{"defaultValue":{},"type":"SecureObject"}},"triggers":{"When_a_Project_Finish_Date_changes":{"metadata":{"flowSystemMetadata":{"swaggerOperationId":"SubscribeOnUpdatedItems"}},"type":"ApiConnectionWebhook","inputs":{"host":{"connection":{"name":"@parameters('$connections')['shared_commondataservice']['connectionId']"},"api":{"runtimeUrl":"https://firstrelease-001.azure-apim.net/apim/commondataservice"}},"body":{"NotificationUrl":"@{listCallbackUrl()}","AttributeFilters":["msdyn_finish"]},"path":"/datasets/@{encodeURIComponent(encodeURIComponent('default.cds'))}/tables/@{encodeURIComponent(encodeURIComponent('msdyn_projects'))}/onupdateditemswebhook","queries":{"scope":"Organization"},"authentication":"@parameters('$authentication')"}}},"actions":{"Check_if_this_project_was_created_more_than_a_day_ago":{"actions":{"Get_my_profile_(V2)":{"runAfter":{},"metadata":{"flowSystemMetadata":{"swaggerOperationId":"MyProfile_V2"}},"type":"ApiConnection","inputs":{"host":{"connection":{"name":"@parameters('$connections')['shared_office365users']['connectionId']"},"api":{"runtimeUrl":"https://firstrelease-001.azure-apim.net/apim/office365users"}},"method":"get","path":"/codeless/v1.0/me","authentication":"@parameters('$authentication')"}},"Get_my_Dynamics_User_":{"runAfter":{"Get_my_profile_(V2)":["Succeeded"]},"metadata":{"flowSystemMetadata":{"swaggerOperationId":"GetItems_V2"}},"type":"ApiConnection","inputs":{"host":{"connection":{"name":"@parameters('$connections')['shared_commondataservice']['connectionId']"},"api":{"runtimeUrl":"https://firstrelease-001.azure-apim.net/apim/commondataservice"}},"method":"get","path":"/v2/datasets/@{encodeURIComponent(encodeURIComponent('default.cds'))}/tables/@{encodeURIComponent(encodeURIComponent('systemusers'))}/items","queries":{"$filter":"azureactivedirectoryobjectid eq '@{body('Get_my_profile_(V2)')?['id']}'"},"authentication":"@parameters('$authentication')"}},"Apply_to_each":{"foreach":"@body('Get_my_Dynamics_User_')?['value']","actions":{"Check_if_I'm_the_PM_of_the_Project":{"actions":{"Send_an_email":{"runAfter":{},"metadata":{"flowSystemMetadata":{"swaggerOperationId":"SendEmail"}},"type":"ApiConnection","inputs":{"host":{"connection":{"name":"@parameters('$connections')['shared_office365']['connectionId']"},"api":{"runtimeUrl":"https://firstrelease-001.azure-apim.net/apim/office365"}},"method":"post","body":{"To":"@{body('Get_my_profile_(V2)')?['mail']};","Subject":"The finish date of  @{triggerBody()?['msdyn_subject']} has moved!","Body":"<html>\n<head>\n<style>\na:link {\n  color: #077D3F;\n}\n</style></head>\n\nHi @{items('Apply_to_each')?['firstname']}!\n<br><br>\nThe finish date of the Project <b><a href=\"https://project.microsoft.com/taskgrid?projectId=@{triggerBody()?['msdyn_projectid']}\">@{triggerBody()?['msdyn_subject']}</b></a> has moved to: <b> @{substring(triggerBody()?['msdyn_finish'], 0, 10)}</b>.\n\n</html>","IsHtml":true},"path":"/Mail","authentication":"@parameters('$authentication')"}}},"runAfter":{},"expression":{"equals":["@triggerBody()?['_msdyn_projectmanager_value']","@items('Apply_to_each')?['systemuserid']"]},"type":"If"}},"runAfter":{"Get_my_Dynamics_User_":["Succeeded"]},"type":"Foreach"}},"runAfter":{},"expression":{"less":["@triggerBody()?['createdon']","@addDays(utcNow(),-1)"]},"type":"If"}}},"connectionReferences":{"shared_office365users":{"connectionName":"shared-office365user-948c5165-f031-46d8-a10c-7c9bd6177d9d","source":"Embedded","id":"/providers/Microsoft.PowerApps/apis/shared_office365users","tier":"NotSpecified"},"shared_commondataservice":{"connectionName":"shared-commondataser-54280c81-a0a6-4bc4-9a67-6471e0fb1085","source":"Embedded","id":"/providers/Microsoft.PowerApps/apis/shared_commondataservice","tier":"NotSpecified"},"shared_office365":{"connectionName":"shared-office365-d406299f-e2b0-457a-b752-6a1dc17eedea","source":"Embedded","id":"/providers/Microsoft.PowerApps/apis/shared_office365","tier":"NotSpecified"}},"flowFailureAlertSubscribed":false}}